index,brand,model,form_note,image_path,thumb_path,image_url,page_url,source_domain,source_type,original_size
1,Oakley,Holbrook Low Bridge Fit OX8100F,sport square full-rim,images/001_oakley_holbrook_low_bridge_fit_ox8100f.jpg,thumbs/001_oakley_holbrook_low_bridge_fit_ox8100f.jpg,https://assets.oakley.com/is/image/OakleyEYE/888392603012__STD__shad__fr.png,https://www.oakley.com/en-us/product/W0OX8100F?variant=888392603012,www.oakley.com,official,3768x1884
2,Gentle Monster,Zin 01,minimal square,images/002_gentle_monster_zin_01.jpg,thumbs/002_gentle_monster_zin_01.jpg,https://gm-prd-resource.gentlemonster.com/catalog/product/ZYYE799SURVC/ce740893-5a4c-43c6-9f10-c3a1bcc1118c/11003137_FRONT.jpg,https://www.gentlemonster.com/kr/ja/item/ZYYE799SURVC/zin01,www.gentlemonster.com,official,3600x3600
3,Gentle Monster,Alio GD1,combination square,images/003_gentle_monster_alio_gd1.jpg,thumbs/003_gentle_monster_alio_gd1.jpg,https://gm-prd-resource.gentlemonster.com/catalog/product/194RVEG6I7XGB/e0a36042-2095-43f0-b716-0eb75d6de77e/11000251_FRONT.jpeg,https://www.gentlemonster.com/kr/ja/item/194RVEG6I7XGB/aliogd1,www.gentlemonster.com,official,3600x3600
4,MOSCOT,Lemtosh,keyhole rounded square acetate,images/004_moscot_lemtosh.jpg,thumbs/004_moscot_lemtosh.jpg,https://moscot.com/cdn/shop/files/lemtosh-color-tortoise-pos-2_3d0284ce-bd3e-4c66-84bb-49bd189f2988_grande.jpg?v=1705433402,https://moscot.com/products/lemtosh,moscot.com,official,600x451
5,MOSCOT,Lemtosh Limited Edition Blue Fade,optical frame,images/005_moscot_lemtosh_limited_edition_blue_fade.jpg,thumbs/005_moscot_lemtosh_limited_edition_blue_fade.jpg,https://moscot.com/cdn/shop/files/lemtosh-le-color-blue-fade-pos-2_grande.jpg?v=1781275109,https://moscot.com/products/lemtosh-limited-edition-blue-fade,moscot.com,official,600x451
6,MOSCOT,Dolt,optical frame,images/006_moscot_dolt.jpg,thumbs/006_moscot_dolt.jpg,https://moscot.com/cdn/shop/files/dolt-color-dark-green-pos-2_grande.jpg?v=1776098246,https://moscot.com/products/dolt,moscot.com,official,600x451
7,MOSCOT,Miltzen,round keyhole acetate,images/007_moscot_miltzen.jpg,thumbs/007_moscot_miltzen.jpg,https://moscot.com/cdn/shop/files/miltzen-color-blonde-pos-2_50104e38-c850-461d-94e0-5199d5099f70_grande.jpg?v=1715367926,https://moscot.com/products/miltzen,moscot.com,official,600x451
8,MOSCOT,Arthur,optical frame,images/008_moscot_arthur.jpg,thumbs/008_moscot_arthur.jpg,https://moscot.com/cdn/shop/files/arthur-color-black-pos-2_grande.jpg?v=1758566608,https://moscot.com/products/arthur,moscot.com,official,600x451
9,MOSCOT,Dahven,optical frame,images/009_moscot_dahven.jpg,thumbs/009_moscot_dahven.jpg,https://moscot.com/cdn/shop/files/dahven-color-blonde-pos-2_grande.jpg?v=1699902607,https://moscot.com/products/dahven,moscot.com,official,600x451
10,MOSCOT,Zissel,optical frame,images/010_moscot_zissel.jpg,thumbs/010_moscot_zissel.jpg,https://moscot.com/cdn/shop/files/zissel-color-black-pos-2_grande.jpg?v=1765209443,https://moscot.com/products/zissel,moscot.com,official,600x451
11,MOSCOT,Frankie,optical frame,images/011_moscot_frankie.jpg,thumbs/011_moscot_frankie.jpg,https://moscot.com/cdn/shop/files/frankie-color-tortoise-pos-2_6603d4b6-8c83-47b2-9570-284e77fbf3c1_grande.jpg?v=1758574520,https://moscot.com/products/frankie,moscot.com,official,600x451
12,MOSCOT,Nebb,optical frame,images/012_moscot_nebb.jpg,thumbs/012_moscot_nebb.jpg,https://moscot.com/cdn/shop/files/nebb-color-navy-pos-2_grande.jpg?v=1697407466,https://moscot.com/products/nebb,moscot.com,official,600x451
13,MOSCOT,Plotz,optical frame,images/013_moscot_plotz.jpg,thumbs/013_moscot_plotz.jpg,https://moscot.com/cdn/shop/files/plotz-color-gold-pos-2_grande.jpg?v=1765207556,https://moscot.com/products/plotz,moscot.com,official,600x451
14,MOSCOT,Zev,optical frame,images/014_moscot_zev.jpg,thumbs/014_moscot_zev.jpg,https://moscot.com/cdn/shop/files/zev-color-gold-dark-green-pos-2_grande.jpg?v=1758576598,https://moscot.com/products/zev,moscot.com,official,600x451
15,MOSCOT,Bjorn,optical frame,images/015_moscot_bjorn.jpg,thumbs/015_moscot_bjorn.jpg,https://moscot.com/cdn/shop/files/bjorn-color-tobacco-pos-2_grande.jpg?v=1758571300,https://moscot.com/products/bjorn,moscot.com,official,600x451
16,MOSCOT,Jared,optical frame,images/016_moscot_jared.jpg,thumbs/016_moscot_jared.jpg,https://moscot.com/cdn/shop/files/jared-color-spot-tortoise-pos-2_grande.jpg?v=1766590619,https://moscot.com/products/jared,moscot.com,official,600x451
17,MOSCOT,Aygen,optical frame,images/017_moscot_aygen.jpg,thumbs/017_moscot_aygen.jpg,https://moscot.com/cdn/shop/files/aygen-color-bamboo-gold-pos-2_grande.jpg?v=1765206071,https://moscot.com/products/aygen,moscot.com,official,600x451
18,Ray-Ban,Ray Ban Meta Blayzer Optics,optical frame,images/018_ray_ban_ray_ban_meta_blayzer_optics.jpg,thumbs/018_ray_ban_ray_ban_meta_blayzer_optics.jpg,https://assets2.opsm.com/prod-onecp-record-files/pieyewear/710ac788-8cff-4a2a-b56b-b40f00a53d11/0RW7001__8529__P21__shad__fr.png?impolicy=OP_PDP,https://www.opsm.com.au/glasses/ray-ban/ray-ban-meta-blayzer-optics/8056262945056?rxcnav=treatments,www.opsm.com.au,retailer,1030x430
19,Ray-Ban,Ray Ban Meta Scriber Optics,optical frame,images/019_ray_ban_ray_ban_meta_scriber_optics.jpg,thumbs/019_ray_ban_ray_ban_meta_scriber_optics.jpg,https://assets2.opsm.com/prod-onecp-record-files/pieyewear/dfc00f70-612b-4810-82cd-b40f00a54b6f/0RW7002__2000__P21__shad__fr.png?impolicy=OP_PDP,https://www.opsm.com.au/glasses/ray-ban/ray-ban-meta-scriber-optics/8056262945315?rxcnav=treatments,www.opsm.com.au,retailer,1030x430
20,Ray-Ban,Ray Ban Meta Wayfarer,square optical,images/020_ray_ban_ray_ban_meta_wayfarer.jpg,thumbs/020_ray_ban_ray_ban_meta_wayfarer.jpg,https://assets2.opsm.com/prod-onecp-record-files/pieyewear/a56cbbb3-7bf8-4e2c-bdc5-b371003b2328/0OW8002__800204__P21__shad__fr.png?impolicy=OP_Large&hei=200&wid=400,https://www.opsm.com.au/ray-ban-meta/ray-ban-meta-wayfarer/8056262721339,www.opsm.com.au,retailer,400x200
21,Ray-Ban,Rb3958V Elon Optics Limited Edition,optical frame,images/021_ray_ban_rb3958v_elon_optics_limited_edition.jpg,thumbs/021_ray_ban_rb3958v_elon_optics_limited_edition.jpg,https://assets2.opsm.com/prod-onecp-record-files/pieyewear/a9e667f1-5283-489c-8056-b361016d12ce/0RX3958V__2945__STD__shad__fr.png?impolicy=OP_PDP,https://www.opsm.com.au/glasses/ray-ban/rb3958v-elon-optics-limited-edition/8056597684224,www.opsm.com.au,retailer,1030x430
22,Ray-Ban,Rb3698Vm Scuderia Ferrari Collection,optical frame,images/022_ray_ban_rb3698vm_scuderia_ferrari_collection.jpg,thumbs/022_ray_ban_rb3698vm_scuderia_ferrari_collection.jpg,https://assets2.opsm.com/prod-onecp-record-files/pieyewear/885c523d-beb7-4b33-b66e-b36101034d56/0RX3698VM__F073__STD__shad__fr.png?impolicy=OP_Large,https://www.opsm.com.au/glasses/ray-ban/rb3698vm-scuderia-ferrari-collection/8056597645355,www.opsm.com.au,retailer,2000x1000
23,Ray-Ban,Rb5435 Optics,optical frame,images/023_ray_ban_rb5435_optics.jpg,thumbs/023_ray_ban_rb5435_optics.jpg,https://assets2.opsm.com/prod-onecp-record-files/pieyewear/4ef44c36-1289-4032-9305-b36300776b8f/0RX5435__2000__P21__shad__fr.png?impolicy=OP_Large,https://www.opsm.com.au/glasses/ray-ban/rb5435-optics/8056262269855,www.opsm.com.au,retailer,2000x1000
24,Ray-Ban,Rb4378V Optics,optical frame,images/024_ray_ban_rb4378v_optics.jpg,thumbs/024_ray_ban_rb4378v_optics.jpg,https://assets2.opsm.com/prod-onecp-record-files/pieyewear/76e44dd1-060b-4085-84c9-b3630077f533/0RX4378V__8414__P21__shad__fr.png?impolicy=OP_Large,https://www.opsm.com.au/glasses/ray-ban/rb4378v-optics/7895653323568,www.opsm.com.au,retailer,2000x1000
25,Ray-Ban,Rb3447Vm Scuderia Ferrari Collection,optical frame,images/025_ray_ban_rb3447vm_scuderia_ferrari_collection.jpg,thumbs/025_ray_ban_rb3447vm_scuderia_ferrari_collection.jpg,https://assets2.opsm.com/prod-onecp-record-files/pieyewear/ff8419fd-eb07-4bac-a5dc-b35f016e9025/0RX3447VM__F028__STD__shad__fr.png?impolicy=OP_Large,https://www.opsm.com.au/glasses/ray-ban/rb3447vm-scuderia-ferrari-collection/8056597045742,www.opsm.com.au,retailer,2000x1000
26,Ray-Ban,Rb3716Vm Clubmaster Metal Optics,browline combination,images/026_ray_ban_rb3716vm_clubmaster_metal_optics.jpg,thumbs/026_ray_ban_rb3716vm_clubmaster_metal_optics.jpg,https://assets2.opsm.com/prod-onecp-record-files/pieyewear/51b10648-74e6-437a-aed1-b36000298acf/0RX3716VM__2890__STD__shad__fr.png?impolicy=OP_Large,https://www.opsm.com.au/glasses/ray-ban/rb3716vm-clubmaster-metal-optics/8056597061469,www.opsm.com.au,retailer,2000x1000
27,Ray-Ban,Rb7140 Optics,optical frame,images/027_ray_ban_rb7140_optics.jpg,thumbs/027_ray_ban_rb7140_optics.jpg,https://assets2.opsm.com/prod-onecp-record-files/pieyewear/c4686163-8e8e-45ec-bba8-b35f0096f3f9/0RX7140__2012__STD__shad__fr.png?impolicy=OP_PDP,https://www.opsm.com.au/glasses/ray-ban/rb7140-optics/8053672822588,www.opsm.com.au,retailer,1030x430
28,Ray-Ban,Rb5398 Hawkeye Optics,optical frame,images/028_ray_ban_rb5398_hawkeye_optics.jpg,thumbs/028_ray_ban_rb5398_hawkeye_optics.jpg,https://assets2.opsm.com/prod-onecp-record-files/pieyewear/f51e4628-9cd1-4446-8cda-b36101000620/0RX5398__5112__STD__shad__fr.png?impolicy=OP_PDP,https://www.opsm.com.au/glasses/ray-ban/rb5398-hawkeye-optics/8056597586382,www.opsm.com.au,retailer,1030x430
29,Ray-Ban,Rb3637V New Round Optics,round / panto optical,images/029_ray_ban_rb3637v_new_round_optics.jpg,thumbs/029_ray_ban_rb3637v_new_round_optics.jpg,https://assets2.opsm.com/prod-onecp-record-files/pieyewear/9e128e96-43d2-4a9f-8b8a-b36101361f63/0RX3637V__2501__STD__shad__fr.png?impolicy=OP_PDP,https://www.opsm.com.au/glasses/ray-ban/rb3637v-new-round-optics/8056597641197,www.opsm.com.au,retailer,1030x430
30,Ray-Ban,Rb5499 Lady Burbank Optics,optical frame,images/030_ray_ban_rb5499_lady_burbank_optics.jpg,thumbs/030_ray_ban_rb5499_lady_burbank_optics.jpg,https://assets2.opsm.com/prod-onecp-record-files/pieyewear/41962b4f-0d66-4942-afa8-b3610094d825/0RX5499__8144__STD__shad__fr.png?impolicy=OP_Large,https://www.opsm.com.au/glasses/ray-ban/rb5499-lady-burbank-optics/8056597549479,www.opsm.com.au,retailer,2000x1000
31,Ray-Ban,Rb5428F Rb5428 Optics,optical frame,images/031_ray_ban_rb5428f_rb5428_optics.jpg,thumbs/031_ray_ban_rb5428f_rb5428_optics.jpg,https://assets2.opsm.com/prod-onecp-record-files/pieyewear/3e568b34-1383-43ae-8956-b3a10041c327/0RW4012__601_71__P21__shad__fr.png?impolicy=OP_Large&hei=200&wid=400,https://www.opsm.com.au/glasses/ray-ban/rb5428f-rb5428-optics/8056597729468,www.opsm.com.au,retailer,400x200
32,Ray-Ban,Rb7216 New Clubmaster Optics,browline combination,images/032_ray_ban_rb7216_new_clubmaster_optics.jpg,thumbs/032_ray_ban_rb7216_new_clubmaster_optics.jpg,https://assets2.opsm.com/prod-onecp-record-files/pieyewear/79b5174a-7bac-4b4a-809e-b363003e107c/0RX7216__8379__P21__shad__fr.png?impolicy=OP_PDP,https://www.opsm.com.au/glasses/ray-ban/rb7216-new-clubmaster-optics/8056262098486,www.opsm.com.au,retailer,1030x430
33,Ray-Ban,Rb7213M Optics Scuderia Ferrari Collection,optical frame,images/033_ray_ban_rb7213m_optics_scuderia_ferrari_collection.jpg,thumbs/033_ray_ban_rb7213m_optics_scuderia_ferrari_collection.jpg,https://assets2.opsm.com/prod-onecp-record-files/pieyewear/fad4bdde-0ce6-4dd1-a27d-b362001d30d2/0RX7213M__F628__P21__shad__fr.png?impolicy=OP_Large,https://www.opsm.com.au/glasses/ray-ban/rb7213m-optics-scuderia-ferrari-collection/8056597762304,www.opsm.com.au,retailer,2000x1000
34,Ray-Ban,Rb1971V Square 1971 Optics,square optical,images/034_ray_ban_rb1971v_square_1971_optics.jpg,thumbs/034_ray_ban_rb1971v_square_1971_optics.jpg,https://assets2.opsm.com/prod-onecp-record-files/pieyewear/cc4c1c27-1559-4a6c-9af4-b360001aa614/0RX1971V__2500__STD__shad__fr.png?impolicy=OP_PDP,https://www.opsm.com.au/glasses/ray-ban/rb1971v-square-1971-optics/8056597075626,www.opsm.com.au,retailer,1030x430
35,Ray-Ban,Rb7330F Zena Optics Bio Based,optical frame,images/035_ray_ban_rb7330f_zena_optics_bio_based.jpg,thumbs/035_ray_ban_rb7330f_zena_optics_bio_based.jpg,https://assets2.opsm.com/prod-onecp-record-files/pieyewear/6552c30b-1a22-4270-9423-b3630032dc39/0RX7330F__8346__P21__shad__fr.png?impolicy=OP_Large,https://www.opsm.com.au/glasses/ray-ban/rb7330f-zena-optics-bio-based/8056262049686,www.opsm.com.au,retailer,2000x1000
36,Ray-Ban,Rb5383 Burbank Optics,optical frame,images/036_ray_ban_rb5383_burbank_optics.jpg,thumbs/036_ray_ban_rb5383_burbank_optics.jpg,https://assets2.opsm.com/prod-onecp-record-files/pieyewear/be7c95d2-2e2a-4d88-9ac6-b360007b75f4/0RX5383__2144__STD__shad__fr.png?impolicy=OP_Large,https://www.opsm.com.au/glasses/ray-ban/rb5383-burbank-optics/8056597124034,www.opsm.com.au,retailer,2000x1000
37,Ray-Ban,Rb3447V Round Metal Optics,round / panto optical,images/037_ray_ban_rb3447v_round_metal_optics.jpg,thumbs/037_ray_ban_rb3447v_round_metal_optics.jpg,https://assets2.opsm.com/prod-onecp-record-files/pieyewear/0e96d3b3-02d9-4736-9543-b3a001547573/0RX3447V__3188__P21__shad__fr.png?impolicy=OP_Large,https://www.opsm.com.au/glasses/ray-ban/rb3447v-round-metal-optics/7895653330320,www.opsm.com.au,retailer,2000x1000
38,Persol,PO3189V,optical frame,images/038_persol_po3189v.jpg,thumbs/038_persol_po3189v.jpg,https://assets2.opsm.com/prod-onecp-record-files/pieyewear/4231d741-0da3-4f85-9848-b35f008bdccf/0PO3189V__24__P21__shad__fr.png?impolicy=OP_PDP,https://www.opsm.com.au/glasses/persol/po3189v/8053672825497,www.opsm.com.au,retailer,1030x430
39,Persol,PO3143V,optical frame,images/039_persol_po3143v.jpg,thumbs/039_persol_po3143v.jpg,https://assets2.opsm.com/prod-onecp-record-files/pieyewear/50872fbd-c6bc-488f-8731-b35e012404a4/0PO3143V__1051__P21__shad__fr.png?impolicy=OP_Large,https://www.opsm.com.au/glasses/persol/po3143v/8053672593907,www.opsm.com.au,retailer,2000x1000
40,Persol,PO3275V,optical frame,images/040_persol_po3275v.jpg,thumbs/040_persol_po3275v.jpg,https://assets2.opsm.com/prod-onecp-record-files/pieyewear/db3028f8-6984-4bbb-b30d-b36100ab11ed/0PO3275V__204__P21__shad__fr.png?impolicy=OP_Large,https://www.opsm.com.au/glasses/persol/po3275v/8056597529082,www.opsm.com.au,retailer,2000x1000
41,Persol,PO3292V,optical frame,images/041_persol_po3292v.jpg,thumbs/041_persol_po3292v.jpg,https://assets2.opsm.com/prod-onecp-record-files/pieyewear/78044cf2-856e-4630-bd38-b36100f673fb/0PO3292V__95__P21__shad__fr.png?impolicy=OP_Large,https://www.opsm.com.au/glasses/persol/po3292v/8056597593656,www.opsm.com.au,retailer,2000x1000
42,Persol,Po3387V Pier,optical frame,images/042_persol_po3387v_pier.jpg,thumbs/042_persol_po3387v_pier.jpg,https://assets2.opsm.com/prod-onecp-record-files/pieyewear/3c075c2e-e2dd-4755-8511-b3a0014ee453/0PO3387V__95__P21__shad__fr.png?impolicy=OP_PDP,https://www.opsm.com.au/glasses/persol/po3387v-pier/8056262553749,www.opsm.com.au,retailer,1030x430
43,Oliver Peoples,Ov5579U Neylan,optical frame,images/043_oliver_peoples_ov5579u_neylan.jpg,thumbs/043_oliver_peoples_ov5579u_neylan.jpg,https://assets2.opsm.com/prod-onecp-record-files/pieyewear/d7bfd813-dd16-47aa-96ba-b412015dcd24/0OV5579U__1777__P21__shad__fr.png?impolicy=OP_PDP,https://www.opsm.com.au/glasses/oliver-peoples/ov5579u-neylan/827934507234,www.opsm.com.au,retailer,1030x430
44,Oliver Peoples,Ov1359T Tk 10,optical frame,images/044_oliver_peoples_ov1359t_tk_10.jpg,thumbs/044_oliver_peoples_ov1359t_tk_10.jpg,https://assets2.opsm.com/prod-onecp-record-files/pieyewear/ce80f6c8-adc0-4293-8fdc-b39e00263f3f/0OV1359T__5284__P21__shad__fr.png?impolicy=OP_Large,https://www.opsm.com.au/glasses/oliver-peoples/ov1359t-tk-10/827934507722,www.opsm.com.au,retailer,2000x1000
45,Oliver Peoples,Ov1354T Tk 12,optical frame,images/045_oliver_peoples_ov1354t_tk_12.jpg,thumbs/045_oliver_peoples_ov1354t_tk_12.jpg,https://assets2.opsm.com/prod-onecp-record-files/pieyewear/83dfb905-821f-4576-b424-b3a00119541b/0OV1354T__5341__P21__shad__fr.png?impolicy=OP_PDP,https://www.opsm.com.au/glasses/oliver-peoples/ov1354t-tk-12/827934507470,www.opsm.com.au,retailer,1030x430
46,Oliver Peoples,Ov1104 Mp 2,optical frame,images/046_oliver_peoples_ov1104_mp_2.jpg,thumbs/046_oliver_peoples_ov1104_mp_2.jpg,https://assets2.opsm.com/prod-onecp-record-files/pieyewear/7b68693c-3798-4468-82b2-b35f0026c481/0OV1104__5244__P21__shad__fr.png?impolicy=OP_PDP,https://www.opsm.com.au/glasses/oliver-peoples/ov1104-mp-2/827934400610,www.opsm.com.au,retailer,1030x430
47,Oliver Peoples,Ov5371D Winnett,optical frame,images/047_oliver_peoples_ov5371d_winnett.jpg,thumbs/047_oliver_peoples_ov5371d_winnett.jpg,https://assets2.opsm.com/prod-onecp-record-files/pieyewear/40e21721-b87d-44fb-8262-b35f00ad979a/0OV5371D__1443__P21__shad__fr.png?impolicy=OP_Large,https://www.opsm.com.au/glasses/oliver-peoples/ov5371d-winnett/827934414938,www.opsm.com.au,retailer,2000x1000
48,Oliver Peoples,Ov5397U Finley Vintage,optical frame,images/048_oliver_peoples_ov5397u_finley_vintage.jpg,thumbs/048_oliver_peoples_ov5397u_finley_vintage.jpg,https://assets2.opsm.com/prod-onecp-record-files/pieyewear/0283cc66-fab9-4e6b-a3a6-b35f01674e30/0OV5397U__1318__P21__shad__fr.png?impolicy=OP_Large,https://www.opsm.com.au/glasses/oliver-peoples/ov5397u-finley-vintage/827934426597,www.opsm.com.au,retailer,2000x1000
49,Oliver Peoples,Ov5219 Fairmont,optical frame,images/049_oliver_peoples_ov5219_fairmont.jpg,thumbs/049_oliver_peoples_ov5219_fairmont.jpg,https://assets2.opsm.com/prod-onecp-record-files/pieyewear/d8f1d640-6d73-4385-b8cd-b35d00f66877/0OV5219__1003__P21__shad__fr.png?impolicy=OP_PDP,https://www.opsm.com.au/glasses/oliver-peoples/ov5219-fairmont/827934357860,www.opsm.com.au,retailer,1030x430
50,Oliver Peoples,Ov5454U Desmon,optical frame,images/050_oliver_peoples_ov5454u_desmon.jpg,thumbs/050_oliver_peoples_ov5454u_desmon.jpg,https://assets2.opsm.com/prod-onecp-record-files/pieyewear/036a9b89-cde0-45f2-b69e-b36300444e3f/0OV5454U__1779__P21__shad__fr.png?impolicy=OP_PDP,https://www.opsm.com.au/glasses/oliver-peoples/ov5454u-desmon/827934503656,www.opsm.com.au,retailer,1030x430
51,Prada,PR 22ZVF,optical frame,images/051_prada_pr_22zvf.jpg,thumbs/051_prada_pr_22zvf.jpg,https://assets2.opsm.com/prod-onecp-record-files/pieyewear/74654a4f-fe37-4c91-9092-b36200feb656/0PR_22ZVF__19J1O1__P21__shad__fr.png?impolicy=OP_PDP,https://www.opsm.com.au/glasses/prada/pr-22zvf/8056597875691,www.opsm.com.au,retailer,1030x430
52,Prada,PR 18ZVF,optical frame,images/052_prada_pr_18zvf.jpg,thumbs/052_prada_pr_18zvf.jpg,https://assets2.opsm.com/prod-onecp-record-files/pieyewear/826fd1c7-2289-404c-826d-b36200fdc696/0PR_18ZVF__U431O1__P21__shad__fr.png?impolicy=OP_Large,https://www.opsm.com.au/glasses/prada/pr-18zvf/8056597878197,www.opsm.com.au,retailer,2000x1000
53,Prada,PR A06V,optical frame,images/053_prada_pr_a06v.jpg,thumbs/053_prada_pr_a06v.jpg,https://assets2.opsm.com/prod-onecp-record-files/pieyewear/2b0cdc69-2dd5-454d-b600-b3620166f2d3/0PR_A06V__17O1O1__P21__shad__fr.png?impolicy=OP_PDP,https://www.opsm.com.au/glasses/prada/pr-a06v/8056597969925,www.opsm.com.au,retailer,1030x430
54,Prada,PR A09VF,optical frame,images/054_prada_pr_a09vf.jpg,thumbs/054_prada_pr_a09vf.jpg,https://assets2.opsm.com/prod-onecp-record-files/pieyewear/403ffb88-deae-42c7-a936-b3620172e357/0PR_A09VF__15O1O1__P21__shad__fr.png?impolicy=OP_Large,https://www.opsm.com.au/glasses/prada/pr-a09vf/8056597971102,www.opsm.com.au,retailer,2000x1000
55,Prada,PR A13VF,optical frame,images/055_prada_pr_a13vf.jpg,thumbs/055_prada_pr_a13vf.jpg,https://assets2.opsm.com/prod-onecp-record-files/pieyewear/8c3506d6-97a7-474f-a607-b3630041f023/0PR_A13VF__19T1O1__P21__shad__fr.png?impolicy=OP_PDP,https://www.opsm.com.au/glasses/prada/pr-a13vf/8056262132005,www.opsm.com.au,retailer,1030x430
56,Prada,PR A16V,optical frame,images/056_prada_pr_a16v.jpg,thumbs/056_prada_pr_a16v.jpg,https://assets2.opsm.com/prod-onecp-record-files/pieyewear/5c47b202-9f3e-4ba6-870a-b36300374b88/0PR_A16V__16K1O1__P21__shad__fr.png?impolicy=OP_Large,https://www.opsm.com.au/glasses/prada/pr-a16v/8056262143513,www.opsm.com.au,retailer,2000x1000
57,Prada,PR A20V,optical frame,images/057_prada_pr_a20v.jpg,thumbs/057_prada_pr_a20v.jpg,https://assets2.opsm.com/prod-onecp-record-files/pieyewear/99f47bab-4d2f-4fc2-8045-b36300424716/0PR_A20V__16K1O1__P21__shad__fr.png?impolicy=OP_PDP,https://www.opsm.com.au/glasses/prada/pr-a20v/8056262146187,www.opsm.com.au,retailer,1030x430
58,Prada,PR A20VF,optical frame,images/058_prada_pr_a20vf.jpg,thumbs/058_prada_pr_a20vf.jpg,https://assets2.opsm.com/prod-onecp-record-files/pieyewear/1a9e4581-51e4-4b21-9e99-b3630041b242/0PR_A20VF__19R1O1__P21__shad__fr.png?impolicy=OP_PDP,https://www.opsm.com.au/glasses/prada/pr-a20vf/8056262146286,www.opsm.com.au,retailer,1030x430
59,Prada,PR A57V,optical frame,images/059_prada_pr_a57v.jpg,thumbs/059_prada_pr_a57v.jpg,https://assets2.opsm.com/prod-onecp-record-files/pieyewear/581f96d2-6587-4c3b-a1df-b36300423c8c/0PR_A57V__5AK1O1__P21__shad__fr.png?impolicy=OP_Large,https://www.opsm.com.au/glasses/prada/pr-a57v/8056262146798,www.opsm.com.au,retailer,2000x1000
60,Prada,PR 15YV,optical frame,images/060_prada_pr_15yv.jpg,thumbs/060_prada_pr_15yv.jpg,https://assets2.opsm.com/prod-onecp-record-files/pieyewear/f9dd9492-ae12-476b-bcb8-b361013b3092/0PR_15YV__1AB1O1__STD__shad__fr.png?impolicy=OP_Large,https://www.opsm.com.au/glasses/prada/pr-15yv/8056597629010,www.opsm.com.au,retailer,2000x1000
61,Prada,PR 22ZV,optical frame,images/061_prada_pr_22zv.jpg,thumbs/061_prada_pr_22zv.jpg,https://assets2.opsm.com/prod-onecp-record-files/pieyewear/4515ea77-3e28-4750-b90b-b36200fe5d7c/0PR_22ZV__19J1O1__P21__shad__fr.png?impolicy=OP_PDP,https://www.opsm.com.au/glasses/prada/pr-22zv/8056597875646,www.opsm.com.au,retailer,1030x430
62,Versace,VE1275,optical frame,images/062_versace_ve1275.jpg,thumbs/062_versace_ve1275.jpg,https://assets2.opsm.com/prod-onecp-record-files/pieyewear/c13b11f2-76f5-4721-82c5-b361001339f7/0VE1275__1433__STD__shad__fr.png?impolicy=OP_Large,https://www.opsm.com.au/glasses/versace/ve1275/8056597384520,www.opsm.com.au,retailer,2000x1000
63,Versace,VE1314D,optical frame,images/063_versace_ve1314d.jpg,thumbs/063_versace_ve1314d.jpg,https://assets2.opsm.com/prod-onecp-record-files/pieyewear/f9247205-14cb-4ba3-b103-b3a0014d3ad3/0VE1314D__1001__P21__shad__fr.png?impolicy=OP_PDP,https://www.opsm.com.au/glasses/versace/ve1314d/8056262581438,www.opsm.com.au,retailer,1030x430
64,Versace,VE3377U,optical frame,images/064_versace_ve3377u.jpg,thumbs/064_versace_ve3377u.jpg,https://assets2.opsm.com/prod-onecp-record-files/pieyewear/86bba715-1809-4bdd-953d-b39e0042dc3a/0VE3377U__5510__P21__shad__fr.png?impolicy=OP_PDP,https://www.opsm.com.au/glasses/versace/ve3377u/8056262422809,www.opsm.com.au,retailer,1030x430
65,Versace,VE3367U,optical frame,images/065_versace_ve3367u.jpg,thumbs/065_versace_ve3367u.jpg,https://assets2.opsm.com/prod-onecp-record-files/pieyewear/d044bcde-b18a-4b2d-8c20-b36300761713/0VE3367U__GB1__P21__shad__fr.png?impolicy=OP_Large,https://www.opsm.com.au/glasses/versace/ve3367u/8056262222966,www.opsm.com.au,retailer,2000x1000
66,Versace,VE1301,optical frame,images/066_versace_ve1301.jpg,thumbs/066_versace_ve1301.jpg,https://assets2.opsm.com/prod-onecp-record-files/pieyewear/5a4d6508-9530-4538-bad0-b36300750808/0VE1301__1412__P21__shad__fr.png?impolicy=OP_PDP,https://www.opsm.com.au/glasses/versace/ve1301/8056262220986,www.opsm.com.au,retailer,1030x430
67,Versace,VE3368U,optical frame,images/067_versace_ve3368u.jpg,thumbs/067_versace_ve3368u.jpg,https://assets2.opsm.com/prod-onecp-record-files/pieyewear/ea371e77-2c1f-4c1b-b503-b36300757b08/0VE3368U__5360__P21__shad__fr.png?impolicy=OP_PDP,https://www.opsm.com.au/glasses/versace/ve3368u/8056262222027,www.opsm.com.au,retailer,1030x430
68,Versace,VE3274B,optical frame,images/068_versace_ve3274b.jpg,thumbs/068_versace_ve3274b.jpg,https://assets2.opsm.com/prod-onecp-record-files/pieyewear/561641db-cdd2-4375-a4ab-b36100439c25/0VE3274B__5305__STD__shad__fr.png?impolicy=OP_PDP,https://www.opsm.com.au/glasses/versace/ve3274b/8056597412858,www.opsm.com.au,retailer,1030x430
69,Versace,VE3294,optical frame,images/069_versace_ve3294.jpg,thumbs/069_versace_ve3294.jpg,https://assets2.opsm.com/prod-onecp-record-files/pieyewear/baaeeccb-bb24-42ba-93a9-b36001753d1a/0VE3294__108__STD__shad__fr.png?impolicy=OP_Large,https://www.opsm.com.au/glasses/versace/ve3294/8056597340809,www.opsm.com.au,retailer,2000x1000
70,Versace,VE1233Q,optical frame,images/070_versace_ve1233q.jpg,thumbs/070_versace_ve1233q.jpg,https://assets2.opsm.com/prod-onecp-record-files/pieyewear/0effb61c-05e9-4a2c-aada-b35e0132819c/0VE1233Q__1344__P21__shad__fr.png?impolicy=OP_Large,https://www.opsm.com.au/glasses/versace/ve1233q/8053672613001,www.opsm.com.au,retailer,2000x1000
71,Miu Miu,MU 09XVF,optical frame,images/071_miu_miu_mu_09xvf.jpg,thumbs/071_miu_miu_mu_09xvf.jpg,https://assets2.opsm.com/prod-onecp-record-files/pieyewear/313b4ece-dad2-4318-9ec9-b37000c130f5/0MU_09XVF__VAU1O1__P21__shad__fr.png?impolicy=OP_Large,https://www.opsm.com.au/glasses/miu-miu/mu-09xvf/8056262150207,www.opsm.com.au,retailer,2000x1000
72,Miu Miu,MU 04UV,optical frame,images/072_miu_miu_mu_04uv.jpg,thumbs/072_miu_miu_mu_04uv.jpg,https://assets2.opsm.com/prod-onecp-record-files/pieyewear/39b10568-92f9-4028-b4f7-b363002f4b8a/0MU_04UV__11T1O1__P21__shad__fr.png?impolicy=OP_PDP,https://www.opsm.com.au/glasses/miu-miu/mu-04uv/8056262086643,www.opsm.com.au,retailer,1030x430
73,Miu Miu,MU 01VV,optical frame,images/073_miu_miu_mu_01vv.jpg,thumbs/073_miu_miu_mu_01vv.jpg,https://assets2.opsm.com/prod-onecp-record-files/pieyewear/564c9939-6c89-43d2-9604-b36200337018/0MU_01VV__2AZ1O1__P21__shad__fr.png?impolicy=OP_PDP,https://www.opsm.com.au/glasses/miu-miu/mu-01vv/8056597784580,www.opsm.com.au,retailer,1030x430
74,Miu Miu,MU 02XV,optical frame,images/074_miu_miu_mu_02xv.jpg,thumbs/074_miu_miu_mu_02xv.jpg,https://assets2.opsm.com/prod-onecp-record-files/pieyewear/d206658b-b99e-4937-95fc-b3620163e36f/0MU_02XV__1AB1O1__P21__shad__fr.png?impolicy=OP_Large,https://www.opsm.com.au/glasses/miu-miu/mu-02xv/8056597980265,www.opsm.com.au,retailer,2000x1000
75,Miu Miu,MU 07XV,optical frame,images/075_miu_miu_mu_07xv.jpg,thumbs/075_miu_miu_mu_07xv.jpg,https://assets2.opsm.com/prod-onecp-record-files/pieyewear/c2983332-3a4c-4be4-911a-b3630040c45f/0MU_07XV__16K1O1__P21__shad__fr.png?impolicy=OP_Large,https://www.opsm.com.au/glasses/miu-miu/mu-07xv/8056262143322,www.opsm.com.au,retailer,2000x1000
76,Miu Miu,MU 11XV,optical frame,images/076_miu_miu_mu_11xv.jpg,thumbs/076_miu_miu_mu_11xv.jpg,https://assets2.opsm.com/prod-onecp-record-files/pieyewear/ac83c0e4-1c56-419e-a80e-b3630038e0c1/0MU_11XV__VAU1O1__P21__shad__fr.png?impolicy=OP_Large,https://www.opsm.com.au/glasses/miu-miu/mu-11xv/8056262145470,www.opsm.com.au,retailer,2000x1000
77,Miu Miu,MU 09XV,optical frame,images/077_miu_miu_mu_09xv.jpg,thumbs/077_miu_miu_mu_09xv.jpg,https://assets2.opsm.com/prod-onecp-record-files/pieyewear/119286e7-1d37-4c55-82d5-b363004093a3/0MU_09XV__16K1O1__P21__shad__fr.png?impolicy=OP_Large,https://www.opsm.com.au/glasses/miu-miu/mu-09xv/8056262145258,www.opsm.com.au,retailer,2000x1000
78,Miu Miu,MU 52XV,optical frame,images/078_miu_miu_mu_52xv.jpg,thumbs/078_miu_miu_mu_52xv.jpg,https://assets2.opsm.com/prod-onecp-record-files/pieyewear/dd5f8022-81b9-4fab-abdf-b36300419ed2/0MU_52XV__1BC1O1__P21__shad__fr.png?impolicy=OP_Large,https://www.opsm.com.au/glasses/miu-miu/mu-52xv/8056262145173,www.opsm.com.au,retailer,2000x1000
79,Miu Miu,MU 03WV,optical frame,images/079_miu_miu_mu_03wv.jpg,thumbs/079_miu_miu_mu_03wv.jpg,https://assets2.opsm.com/prod-onecp-record-files/pieyewear/1b65b7fa-c799-49c4-b3f7-b370008b8a2e/0MU_03WV__16K1O1__P21__shad__fr.png?impolicy=OP_Large,https://www.opsm.com.au/glasses/miu-miu/mu-03wv/8056262398425,www.opsm.com.au,retailer,2000x1000
80,Miu Miu,MU 53WV,optical frame,images/080_miu_miu_mu_53wv.jpg,thumbs/080_miu_miu_mu_53wv.jpg,https://assets2.opsm.com/prod-onecp-record-files/pieyewear/ecd2924f-42ee-42f2-bb44-b370008c3167/0MU_53WV__ZVN1O1__P21__shad__fr.png?impolicy=OP_Large,https://www.opsm.com.au/glasses/miu-miu/mu-53wv/8056262410929,www.opsm.com.au,retailer,2000x1000
81,Burberry,Be2363 Sylvie,optical frame,images/081_burberry_be2363_sylvie.jpg,thumbs/081_burberry_be2363_sylvie.jpg,https://assets2.opsm.com/prod-onecp-record-files/pieyewear/0654f5b4-50e9-471b-aa07-b3620017e381/0BE2363__3001__P21__shad__fr.png?impolicy=OP_PDP,https://www.opsm.com.au/glasses/burberry/be2363-sylvie/8056597727174,www.opsm.com.au,retailer,1030x430
82,Burberry,Be2373U Angelica,optical frame,images/082_burberry_be2373u_angelica.jpg,thumbs/082_burberry_be2373u_angelica.jpg,https://assets2.opsm.com/prod-onecp-record-files/pieyewear/0d6bd676-e380-4c4d-927c-b36200bb4d79/0BE2373U__3961__P21__shad__fr.png?impolicy=OP_Large,https://www.opsm.com.au/glasses/burberry/be2373u-angelica/8056597883795,www.opsm.com.au,retailer,2000x1000
83,Burberry,Be1350 Erin,optical frame,images/083_burberry_be1350_erin.jpg,thumbs/083_burberry_be1350_erin.jpg,https://assets2.opsm.com/prod-onecp-record-files/pieyewear/9365097b-249e-4d7a-81c9-b3610126da9f/0BE1350__1326__STD__shad__fr.png?impolicy=OP_PDP,https://www.opsm.com.au/glasses/burberry/be1350-erin/8056597615082,www.opsm.com.au,retailer,1030x430
84,Burberry,BE2172,optical frame,images/084_burberry_be2172.jpg,thumbs/084_burberry_be2172.jpg,https://assets2.opsm.com/prod-onecp-record-files/pieyewear/94e3a633-acc6-439c-9d5b-b35d01317c09/0BE2172__3001__P21__shad__fr.png?impolicy=OP_Large,https://www.opsm.com.au/glasses/burberry/be2172/8053672302028,www.opsm.com.au,retailer,2000x1000
85,Burberry,Be1348 Alba,optical frame,images/085_burberry_be1348_alba.jpg,thumbs/085_burberry_be1348_alba.jpg,https://assets2.opsm.com/prod-onecp-record-files/pieyewear/05b52768-9a0d-4106-b9d4-b3600100f006/0BE1348__1306__P21__shad__fr.png?impolicy=OP_Large,https://www.opsm.com.au/glasses/burberry/be1348-alba/8056597218511,www.opsm.com.au,retailer,2000x1000
86,Burberry,Be2355 Arlo,optical frame,images/086_burberry_be2355_arlo.jpg,thumbs/086_burberry_be2355_arlo.jpg,https://assets2.opsm.com/prod-onecp-record-files/pieyewear/cc3b30a0-b2b7-499f-8c3d-b36100f1fab4/0BE2355__3001__STD__shad__fr.png?impolicy=OP_PDP,https://www.opsm.com.au/glasses/burberry/be2355-arlo/8056597596336,www.opsm.com.au,retailer,1030x430
87,Burberry,Be2359 Pearce,optical frame,images/087_burberry_be2359_pearce.jpg,thumbs/087_burberry_be2359_pearce.jpg,https://assets2.opsm.com/prod-onecp-record-files/pieyewear/aedf68ab-f57f-40eb-9e3c-b36100f2ee10/0BE2359__3002__STD__shad__fr.png?impolicy=OP_Large,https://www.opsm.com.au/glasses/burberry/be2359-pearce/8056597599573,www.opsm.com.au,retailer,2000x1000
88,Burberry,Be1372 Malcolm,optical frame,images/088_burberry_be1372_malcolm.jpg,thumbs/088_burberry_be1372_malcolm.jpg,https://assets2.opsm.com/prod-onecp-record-files/pieyewear/5c29b35d-a23b-495c-9638-b362001dc68e/0BE1372__1007__P21__shad__fr.png?impolicy=OP_Large,https://www.opsm.com.au/glasses/burberry/be1372-malcolm/8056597733977,www.opsm.com.au,retailer,2000x1000
89,Burberry,Be2339 Harrington,optical frame,images/089_burberry_be2339_harrington.jpg,thumbs/089_burberry_be2339_harrington.jpg,https://assets2.opsm.com/prod-onecp-record-files/pieyewear/184f4a1c-0a05-4b71-bbfa-b361002279ac/0BE2339__3028__STD__shad__fr.png?impolicy=OP_PDP,https://www.opsm.com.au/glasses/burberry/be2339-harrington/8056597423250,www.opsm.com.au,retailer,1030x430
90,Burberry,BE2255Q,optical frame,images/090_burberry_be2255q.jpg,thumbs/090_burberry_be2255q.jpg,https://assets2.opsm.com/prod-onecp-record-files/pieyewear/a38fd35a-ba68-4197-8348-b35f00611744/0BE2255Q__3001__P21__shad__fr.png?impolicy=OP_PDP,https://www.opsm.com.au/glasses/burberry/be2255q/8053672762013,www.opsm.com.au,retailer,1030x430
91,Burberry,BE2291,optical frame,images/091_burberry_be2291.jpg,thumbs/091_burberry_be2291.jpg,https://assets2.opsm.com/prod-onecp-record-files/pieyewear/777a012d-d6d8-4cd7-9ef5-b35f016bf4a3/0BE2291__3792__P21__shad__fr.png?impolicy=OP_Large,https://www.opsm.com.au/glasses/burberry/be2291/8053672116304,www.opsm.com.au,retailer,2000x1000
92,Burberry,Be2334 Elm,optical frame,images/092_burberry_be2334_elm.jpg,thumbs/092_burberry_be2334_elm.jpg,https://assets2.opsm.com/prod-onecp-record-files/pieyewear/09e41d19-91ea-4c44-9497-b3610126c173/0BE2334__3024__STD__shad__fr.png?impolicy=OP_PDP,https://www.opsm.com.au/glasses/burberry/be2334-elm/8056597640596,www.opsm.com.au,retailer,1030x430
93,Burberry,Jb2003U Kids,optical frame,images/093_burberry_jb2003u_kids.jpg,thumbs/093_burberry_jb2003u_kids.jpg,https://assets2.opsm.com/prod-onecp-record-files/pieyewear/bc40549b-2a77-4c8b-8469-b36201097935/0JB2003U__4047__P21__shad__fr.png?impolicy=OP_Large,https://www.opsm.com.au/glasses/burberry/jb2003u-kids/8056597891288,www.opsm.com.au,retailer,2000x1000
94,Burberry,Jb2007 Kids,optical frame,images/094_burberry_jb2007_kids.jpg,thumbs/094_burberry_jb2007_kids.jpg,https://assets2.opsm.com/prod-onecp-record-files/pieyewear/2859cbe5-b642-4816-8ced-b362010d012e/0JB2007__4060__P21__shad__fr.png?impolicy=OP_PDP,https://www.opsm.com.au/glasses/burberry/jb2007-kids/8056597891592,www.opsm.com.au,retailer,1030x430
95,Giorgio Armani,AR7074,optical frame,images/095_giorgio_armani_ar7074.jpg,thumbs/095_giorgio_armani_ar7074.jpg,https://assets2.opsm.com/prod-onecp-record-files/pieyewear/c8409b6c-5b07-4dc0-ba2d-b35e0018a311/0AR7074__5405__P21__shad__fr.png?impolicy=OP_Large,https://www.opsm.com.au/glasses/giorgio-armani/ar7074/8053672392074,www.opsm.com.au,retailer,2000x1000
96,Giorgio Armani,AR7160,optical frame,images/096_giorgio_armani_ar7160.jpg,thumbs/096_giorgio_armani_ar7160.jpg,https://assets2.opsm.com/prod-onecp-record-files/pieyewear/68abc6b2-c931-4ed7-934c-b35f00ff0ffb/0AR7160__5681__P21__shad__fr.png?impolicy=OP_Large,https://www.opsm.com.au/glasses/giorgio-armani/ar7160/8053672879155,www.opsm.com.au,retailer,2000x1000
97,Giorgio Armani,AR5134,optical frame,images/097_giorgio_armani_ar5134.jpg,thumbs/097_giorgio_armani_ar5134.jpg,https://assets2.opsm.com/prod-onecp-record-files/pieyewear/62c47c49-59d9-4441-8547-b36200ce931b/0AR5134__3001__P21__shad__fr.png?impolicy=OP_PDP,https://www.opsm.com.au/glasses/giorgio-armani/ar5134/8056597826792,www.opsm.com.au,retailer,1030x430
98,Giorgio Armani,AR7004,optical frame,images/098_giorgio_armani_ar7004.jpg,thumbs/098_giorgio_armani_ar7004.jpg,https://assets2.opsm.com/prod-onecp-record-files/pieyewear/c4368fd5-349f-40ed-8aa6-b35c01237568/0AR7004__5001__P21__shad__fr.png?impolicy=OP_Large,https://www.opsm.com.au/glasses/giorgio-armani/ar7004/8053672032147,www.opsm.com.au,retailer,2000x1000
99,Giorgio Armani,AR7104,optical frame,images/099_giorgio_armani_ar7104.jpg,thumbs/099_giorgio_armani_ar7104.jpg,https://assets2.opsm.com/prod-onecp-record-files/pieyewear/edc66f61-dc63-4975-a0b5-b35e00e1a17f/0AR7104__5063__P21__shad__fr.png?impolicy=OP_PDP,https://www.opsm.com.au/glasses/giorgio-armani/ar7104/8053672542431,www.opsm.com.au,retailer,1030x430
100,Giorgio Armani,AR7042,optical frame,images/100_giorgio_armani_ar7042.jpg,thumbs/100_giorgio_armani_ar7042.jpg,https://assets2.opsm.com/prod-onecp-record-files/pieyewear/ef783309-f691-4dca-b1fd-b35c011d185b/0AR7042__5063__P21__shad__fr.png?impolicy=OP_Large,https://www.opsm.com.au/glasses/giorgio-armani/ar7042/8053672290042,www.opsm.com.au,retailer,2000x1000
101,MOSCOT,Arthur Monochrome,optical frame,images/101_moscot_arthur_monochrome.jpg,thumbs/101_moscot_arthur_monochrome.jpg,https://moscot.com/cdn/shop/files/arthur-monochrome-color-black-pos-2_grande.jpg?v=1773243740,https://moscot.com/products/arthur-monochrome,moscot.com,official,600x451
102,MOSCOT,Baitsim,optical frame,images/102_moscot_baitsim.jpg,thumbs/102_moscot_baitsim.jpg,https://moscot.com/cdn/shop/files/baitsim-color-grey-pos-2_grande.jpg?v=1723581229,https://moscot.com/products/baitsim,moscot.com,official,600x451
103,Oakley,Ox8139 Hstn,optical frame,images/103_oakley_ox8139_hstn.jpg,thumbs/103_oakley_ox8139_hstn.jpg,https://assets2.opsm.com/prod-onecp-record-files/pieyewear/b327bf1f-e5f7-456e-b6dc-b36200bb24f8/0OX8139__813904__P21__shad__fr.png?impolicy=OP_Large,https://www.opsm.com.au/glasses/oakley/ox8139-hstn/888392604798,www.opsm.com.au,retailer,2000x1000
104,Oakley,Ox8032 Hex Jector,optical frame,images/104_oakley_ox8032_hex_jector.jpg,thumbs/104_oakley_ox8032_hex_jector.jpg,https://assets2.opsm.com/prod-onecp-record-files/pieyewear/1ddc4d8a-6468-44b6-b2ae-b36100832c59/0OX8032__803202__P21__shad__fr.png?impolicy=OP_Large,https://www.opsm.com.au/glasses/oakley/ox8032-hex-jector/888392561770,www.opsm.com.au,retailer,2000x1000
105,Oakley,Ox8162 Cognitive,optical frame,images/105_oakley_ox8162_cognitive.jpg,thumbs/105_oakley_ox8162_cognitive.jpg,https://assets2.opsm.com/prod-onecp-record-files/pieyewear/a97e014e-2e54-44e0-b5ba-b362015b3aa3/0OX8162__816201__P21__shad__fr.png?impolicy=OP_Large,https://www.opsm.com.au/glasses/oakley/ox8162-cognitive/888392614100,www.opsm.com.au,retailer,2000x1000
106,Oakley,Ox8144 Knolls,optical frame,images/106_oakley_ox8144_knolls.jpg,thumbs/106_oakley_ox8144_knolls.jpg,https://assets2.opsm.com/prod-onecp-record-files/pieyewear/05efd3dd-c508-40a2-a4d0-b36201195ad4/0OX8144__814402__P21__shad__fr.png?impolicy=OP_PDP,https://www.opsm.com.au/glasses/oakley/ox8144-knolls/888392613349,www.opsm.com.au,retailer,1030x430
107,Oakley,Ox5078 Sway Bar,optical frame,images/107_oakley_ox5078_sway_bar.jpg,thumbs/107_oakley_ox5078_sway_bar.jpg,https://assets2.opsm.com/prod-onecp-record-files/pieyewear/be81454f-aaaa-4f63-8452-b3620168950b/0OX5078__507801__P21__shad__fr.png?impolicy=OP_PDP,https://www.opsm.com.au/glasses/oakley/ox5078-sway-bar/888392616456,www.opsm.com.au,retailer,1030x430
108,Oakley,Ox8159 Bolster,optical frame,images/108_oakley_ox8159_bolster.jpg,thumbs/108_oakley_ox8159_bolster.jpg,https://assets2.opsm.com/prod-onecp-record-files/pieyewear/23ed5d0a-7a50-49a9-8531-b360006ec878/0OX8159__815903__STD__shad__fr.png?impolicy=OP_PDP,https://www.opsm.com.au/glasses/oakley/ox8159-bolster/888392445506,www.opsm.com.au,retailer,1030x430
109,Oakley,Ox8163 Centerboard,optical frame,images/109_oakley_ox8163_centerboard.jpg,thumbs/109_oakley_ox8163_centerboard.jpg,https://assets2.opsm.com/prod-onecp-record-files/pieyewear/8ee75cd8-0836-4309-af7b-b3610104f500/0OX8163__816306__P21__shad__fr.png?impolicy=OP_PDP,https://www.opsm.com.au/glasses/oakley/ox8163-centerboard/888392574657,www.opsm.com.au,retailer,1030x430
110,Oakley,Ox5080 Sway Bar 0 5,optical frame,images/110_oakley_ox5080_sway_bar_0_5.jpg,thumbs/110_oakley_ox5080_sway_bar_0_5.jpg,https://assets2.opsm.com/prod-onecp-record-files/pieyewear/7a45b7bc-c6f6-4b1b-b490-b36201676719/0OX5080__508004__P21__shad__fr.png?impolicy=OP_Large,https://www.opsm.com.au/glasses/oakley/ox5080-sway-bar-0-5/888392616586,www.opsm.com.au,retailer,2000x1000
111,Oakley,Ox3218 Socket 5 5,optical frame,images/111_oakley_ox3218_socket_5_5.jpg,thumbs/111_oakley_ox3218_socket_5_5.jpg,https://assets2.opsm.com/prod-onecp-record-files/pieyewear/23860723-0e05-4902-b699-b36300816308/0OX3218__321816__P21__shad__fr.png?impolicy=OP_PDP,https://www.opsm.com.au/glasses/oakley/ox3218-socket-5-5/888392647368,www.opsm.com.au,retailer,1030x430
112,Oakley,Ox3233 Cathode,optical frame,images/112_oakley_ox3233_cathode.jpg,thumbs/112_oakley_ox3233_cathode.jpg,https://assets2.opsm.com/prod-onecp-record-files/pieyewear/44a3d7f8-7c3c-458a-b2c2-b35f00f02fc9/0OX3233__323301__P21__shad__fr.png?impolicy=OP_PDP,https://www.opsm.com.au/glasses/oakley/ox3233-cathode/888392352460,www.opsm.com.au,retailer,1030x430
113,Oakley,Ox3217 Socket 5 0,optical frame,images/113_oakley_ox3217_socket_5_0.jpg,thumbs/113_oakley_ox3217_socket_5_0.jpg,https://assets2.opsm.com/prod-onecp-record-files/pieyewear/79bcd87a-6c1c-40b0-87e9-b35e01470105/0OX3217__321702__STD__shad__fr.png?impolicy=OP_Large,https://www.opsm.com.au/glasses/oakley/ox3217-socket-5-0/888392219527,www.opsm.com.au,retailer,2000x1000
114,Oakley,Ox3232 Base Plane,optical frame,images/114_oakley_ox3232_base_plane.jpg,thumbs/114_oakley_ox3232_base_plane.jpg,https://assets2.opsm.com/prod-onecp-record-files/pieyewear/d9773321-da9d-4ab4-9dd6-b35f00b44433/0OX3232__323201__P21__shad__fr.png?impolicy=OP_Large,https://www.opsm.com.au/glasses/oakley/ox3232-base-plane/888392321541,www.opsm.com.au,retailer,2000x1000
115,Oakley,Ox3136 Top Spinner 4B,optical frame,images/115_oakley_ox3136_top_spinner_4b.jpg,thumbs/115_oakley_ox3136_top_spinner_4b.jpg,https://assets2.opsm.com/prod-onecp-record-files/pieyewear/7a64472b-deb1-4532-86f8-b35e002448c6/0OX3136__313602__P21__noshad__fr.png?impolicy=OP_PDP&wid=200&differentUrl=true,https://www.opsm.com.au/glasses/oakley/ox3136-top-spinner-4b/700285519500,www.opsm.com.au,retailer,1030x430
116,Persol,PO3007V,optical frame,images/116_persol_po3007v.jpg,thumbs/116_persol_po3007v.jpg,https://assets2.opsm.com/prod-onecp-record-files/pieyewear/d84d95ea-c730-4d92-aca0-b35d00c2f55d/0PO3007V__24__P21__shad__fr.png?impolicy=OP_PDP,https://www.opsm.com.au/glasses/persol/po3007v/8053672663501,www.opsm.com.au,retailer,1030x430
117,Persol,PO3007VM,optical frame,images/117_persol_po3007vm.jpg,thumbs/117_persol_po3007vm.jpg,https://assets2.opsm.com/prod-onecp-record-files/pieyewear/20ebdd4b-1f0c-4c1a-bdac-b36300678de7/0PO3007VM__1196__P21__shad__fr.png?impolicy=OP_PDP,https://www.opsm.com.au/glasses/persol/po3007vm/8056262233801,www.opsm.com.au,retailer,1030x430
118,Persol,PO3092V,round / panto optical,images/118_persol_po3092v.jpg,thumbs/118_persol_po3092v.jpg,https://assets2.opsm.com/prod-onecp-record-files/pieyewear/864c486f-fe18-425a-83a5-b3630068326f/0PO3092V__1219__P21__shad__fr.png?impolicy=OP_Large,https://www.opsm.com.au/glasses/persol/po3092v/8056262233863,www.opsm.com.au,retailer,2000x1000
119,Persol,Po3329V Greta,optical frame,images/119_persol_po3329v_greta.jpg,thumbs/119_persol_po3329v_greta.jpg,https://assets2.opsm.com/prod-onecp-record-files/pieyewear/df114b43-e0c9-4faa-b165-b362014da16e/0PO3329V__1103__P21__shad__fr.png?impolicy=OP_Large,https://www.opsm.com.au/glasses/persol/po3329v-greta/8056597923613,www.opsm.com.au,retailer,2000x1000
120,Persol,Po3359V Jacques,optical frame,images/120_persol_po3359v_jacques.jpg,thumbs/120_persol_po3359v_jacques.jpg,https://assets2.opsm.com/prod-onecp-record-files/pieyewear/306af954-8866-4f30-9942-b3630067dfb4/0PO3359V__24__P21__shad__fr.png?impolicy=OP_PDP,https://www.opsm.com.au/glasses/persol/po3359v-jacques/8056262231661,www.opsm.com.au,retailer,1030x430
121,Persol,PO3390V,optical frame,images/121_persol_po3390v.jpg,thumbs/121_persol_po3390v.jpg,https://assets2.opsm.com/prod-onecp-record-files/pieyewear/fdffec88-8321-4a2f-8a8e-b3a0014f7de4/0PO3390V__1231__P21__shad__fr.png?impolicy=OP_Large,https://www.opsm.com.au/glasses/persol/po3390v/8056262553626,www.opsm.com.au,retailer,2000x1000
122,Persol,Po3389V Cecil,optical frame,images/122_persol_po3389v_cecil.jpg,thumbs/122_persol_po3389v_cecil.jpg,https://assets2.opsm.com/prod-onecp-record-files/pieyewear/198c67ce-70d7-42eb-ae71-b3a0014f8220/0PO3389V__1228__P21__shad__fr.png?impolicy=OP_PDP,https://www.opsm.com.au/glasses/persol/po3389v-cecil/8056262553527,www.opsm.com.au,retailer,1030x430
123,Persol,Po1030V Luc,optical frame,images/123_persol_po1030v_luc.jpg,thumbs/123_persol_po1030v_luc.jpg,https://assets2.opsm.com/prod-onecp-record-files/pieyewear/10788e48-5ed6-425f-9dfc-b370013dbb91/0PO1030V__515__P21__shad__fr.png?impolicy=OP_Large,https://www.opsm.com.au/glasses/persol/po1030v-luc/8056262738726,www.opsm.com.au,retailer,2000x1000
124,Oliver Peoples,Ov5578 Sobel,optical frame,images/124_oliver_peoples_ov5578_sobel.jpg,thumbs/124_oliver_peoples_ov5578_sobel.jpg,https://assets2.opsm.com/prod-onecp-record-files/pieyewear/b78a977a-b10f-49f7-9166-b412015dd323/0OV5578__1741__P21__shad__fr.png?impolicy=OP_PDP,https://www.opsm.com.au/glasses/oliver-peoples/ov5578-sobel/827934507524,www.opsm.com.au,retailer,1030x430
125,Oliver Peoples,Ov1186 Coleridge,optical frame,images/125_oliver_peoples_ov1186_coleridge.jpg,thumbs/125_oliver_peoples_ov1186_coleridge.jpg,https://assets2.opsm.com/prod-onecp-record-files/pieyewear/465c44a8-0e69-43f1-b72d-b35e0021687f/0OV1186__5145__P21__shad__fr.png?impolicy=OP_Large,https://www.opsm.com.au/glasses/oliver-peoples/ov1186-coleridge/827934439931,www.opsm.com.au,retailer,2000x1000
126,Oliver Peoples,Ov1292T G Ponti 2,optical frame,images/126_oliver_peoples_ov1292t_g_ponti_2.jpg,thumbs/126_oliver_peoples_ov1292t_g_ponti_2.jpg,https://assets2.opsm.com/prod-onecp-record-files/pieyewear/44c8a6b3-305d-44c4-a90d-b361006175b3/0OV1292T__5035__P21__shad__fr.png?impolicy=OP_PDP,https://www.opsm.com.au/glasses/oliver-peoples/ov1292t-g-ponti-2/827934467477,www.opsm.com.au,retailer,1030x430
127,Oliver Peoples,Ov5004 Riley R,optical frame,images/127_oliver_peoples_ov5004_riley_r.jpg,thumbs/127_oliver_peoples_ov5004_riley_r.jpg,https://assets2.opsm.com/prod-onecp-record-files/pieyewear/571583c1-f761-4d10-8afa-b35d00ff2de2/0OV5004__1007__P21__shad__fr.png?impolicy=OP_PDP,https://www.opsm.com.au/glasses/oliver-peoples/ov5004-riley-r/827934302938,www.opsm.com.au,retailer,1030x430
128,Oliver Peoples,Ov5413U Cary Grant,optical frame,images/128_oliver_peoples_ov5413u_cary_grant.jpg,thumbs/128_oliver_peoples_ov5413u_cary_grant.jpg,https://assets2.opsm.com/prod-onecp-record-files/pieyewear/faca5b7d-906c-493d-867f-b363002280e2/0OV5413U__1784__P21__shad__fr.png?impolicy=OP_PDP,https://www.opsm.com.au/glasses/oliver-peoples/ov5413u-cary-grant/827934502833,www.opsm.com.au,retailer,1030x430
129,Oliver Peoples,Ov5102 Denison,optical frame,images/129_oliver_peoples_ov5102_denison.jpg,thumbs/129_oliver_peoples_ov5102_denison.jpg,https://assets2.opsm.com/prod-onecp-record-files/pieyewear/a5e54e07-a183-4ddc-aa25-b35d00b36845/0OV5102__1031__P21__shad__fr.png?impolicy=OP_Large,https://www.opsm.com.au/glasses/oliver-peoples/ov5102-denison/827934298361,www.opsm.com.au,retailer,2000x1000
130,Oliver Peoples,Ov5183 O Malley,round / panto optical,images/130_oliver_peoples_ov5183_o_malley.jpg,thumbs/130_oliver_peoples_ov5183_o_malley.jpg,https://assets2.opsm.com/prod-onecp-record-files/pieyewear/ef6e0b5f-9aa4-45e7-8f2c-b35e00ccdf0d/0OV5183__1552__P21__shad__fr.png?impolicy=OP_Large,https://www.opsm.com.au/glasses/oliver-peoples/ov5183-o-malley/827934405493,www.opsm.com.au,retailer,2000x1000
131,Prada,PR 10ZV,optical frame,images/131_prada_pr_10zv.jpg,thumbs/131_prada_pr_10zv.jpg,https://assets2.opsm.com/prod-onecp-record-files/pieyewear/bd2bab05-4b0d-422e-9723-b362004a325e/0PR_10ZV__1AB1O1__P21__shad__fr.png?impolicy=OP_PDP,https://www.opsm.com.au/glasses/prada/pr-10zv/8056597747714,www.opsm.com.au,retailer,1030x430
132,Prada,PR 18ZV,optical frame,images/132_prada_pr_18zv.jpg,thumbs/132_prada_pr_18zv.jpg,https://assets2.opsm.com/prod-onecp-record-files/pieyewear/d34dc8a3-2d0a-46d4-862f-b36200fa7ce7/0PR_18ZV__U431O1__P21__shad__fr.png?impolicy=OP_Large,https://www.opsm.com.au/glasses/prada/pr-18zv/8056597878142,www.opsm.com.au,retailer,2000x1000
133,Prada,PR 21ZV,optical frame,images/133_prada_pr_21zv.jpg,thumbs/133_prada_pr_21zv.jpg,https://assets2.opsm.com/prod-onecp-record-files/pieyewear/4875c94f-0740-4307-b182-b363002f0950/0PR_21ZV__19Q1O1__P21__shad__fr.png?impolicy=OP_Large,https://www.opsm.com.au/glasses/prada/pr-21zv/8056262082010,www.opsm.com.au,retailer,2000x1000
134,Prada,PR A09V,optical frame,images/134_prada_pr_a09v.jpg,thumbs/134_prada_pr_a09v.jpg,https://assets2.opsm.com/prod-onecp-record-files/pieyewear/aebe4f62-67f2-4100-b639-b3620167392e/0PR_A09V__17N1O1__P21__shad__fr.png?impolicy=OP_Large,https://www.opsm.com.au/glasses/prada/pr-a09v/8056597968874,www.opsm.com.au,retailer,2000x1000
135,Prada,PR A13V,optical frame,images/135_prada_pr_a13v.jpg,thumbs/135_prada_pr_a13v.jpg,https://assets2.opsm.com/prod-onecp-record-files/pieyewear/2fe82a85-1b16-4faa-8a4d-b3630036f5ff/0PR_A13V__16K1O1__P21__shad__fr.png?impolicy=OP_Large,https://www.opsm.com.au/glasses/prada/pr-a13v/8056262099285,www.opsm.com.au,retailer,2000x1000
136,Prada,PR A15V,optical frame,images/136_prada_pr_a15v.jpg,thumbs/136_prada_pr_a15v.jpg,https://assets2.opsm.com/prod-onecp-record-files/pieyewear/da3f2d27-d6b0-4a32-ab14-b3630036ff69/0PR_A15V__16K1O1__P21__shad__fr.png?impolicy=OP_PDP,https://www.opsm.com.au/glasses/prada/pr-a15v/8056262132036,www.opsm.com.au,retailer,1030x430
137,Prada,PR 19WV,optical frame,images/137_prada_pr_19wv.jpg,thumbs/137_prada_pr_19wv.jpg,https://assets2.opsm.com/prod-onecp-record-files/pieyewear/300dfdf9-bb4c-4cb0-b218-b36200e9be15/0PR_19WV__15J1O1__P21__shad__fr.png?impolicy=OP_Large,https://www.opsm.com.au/glasses/prada/pr-19wv/8056597878623,www.opsm.com.au,retailer,2000x1000
138,Prada Linea Rossa,Ps 50Gv Lifestyle,optical frame,images/138_prada_linea_rossa_ps_50gv_lifestyle.jpg,thumbs/138_prada_linea_rossa_ps_50gv_lifestyle.jpg,https://assets2.opsm.com/prod-onecp-record-files/pieyewear/4298438f-bbc4-440c-acc4-b35e0035cecd/0PS_50GV__DG01O1__P21__noshad__qt.png?impolicy=OP_PLP,https://www.opsm.com.au/glasses/prada-linea-rossa/ps-50gv-lifestyle/8053672628975,www.opsm.com.au,retailer,600x300
139,Prada Linea Rossa,Ps 04Mv Lifestyle,optical frame,images/139_prada_linea_rossa_ps_04mv_lifestyle.jpg,thumbs/139_prada_linea_rossa_ps_04mv_lifestyle.jpg,https://assets2.opsm.com/prod-onecp-record-files/pieyewear/d7d21fd6-b111-4a35-9bdb-b36000753b22/0PS_04MV__1BO1O1__P21__shad__fr.png?impolicy=OP_PDP,https://www.opsm.com.au/glasses/prada-linea-rossa/ps-04mv-lifestyle/8056597152686,www.opsm.com.au,retailer,1030x430
140,Prada Linea Rossa,Ps 04Iv Lifestyle,optical frame,images/140_prada_linea_rossa_ps_04iv_lifestyle.jpg,thumbs/140_prada_linea_rossa_ps_04iv_lifestyle.jpg,https://assets2.opsm.com/prod-onecp-record-files/pieyewear/79232835-2b1e-4991-b96c-b35f00934099/0PS_04IV__2AZ1O1__P21__shad__fr.png?impolicy=OP_Large,https://www.opsm.com.au/glasses/prada-linea-rossa/ps-04iv-lifestyle/8053672837315,www.opsm.com.au,retailer,2000x1000
141,Prada Linea Rossa,PS 04NV,optical frame,images/141_prada_linea_rossa_ps_04nv.jpg,thumbs/141_prada_linea_rossa_ps_04nv.jpg,https://assets2.opsm.com/prod-onecp-record-files/pieyewear/7a081ed4-5cdf-485a-986b-b361015b2b17/0PS_04NV__14C1O1__STD__shad__fr.png?impolicy=OP_PDP,https://www.opsm.com.au/glasses/prada-linea-rossa/ps-04nv/8056597672641,www.opsm.com.au,retailer,1030x430
142,Prada Linea Rossa,Ps 50Lv Lifestyle,optical frame,images/142_prada_linea_rossa_ps_50lv_lifestyle.jpg,thumbs/142_prada_linea_rossa_ps_50lv_lifestyle.jpg,https://assets2.opsm.com/prod-onecp-record-files/pieyewear/5b82eae4-d73c-48a0-9875-b36200475adb/0PS_50LV__TFY1O1__P21__shad__fr.png?impolicy=OP_PDP,https://www.opsm.com.au/glasses/prada-linea-rossa/ps-50lv-lifestyle/8056597780964,www.opsm.com.au,retailer,1030x430
143,Prada Linea Rossa,PS 02OV,optical frame,images/143_prada_linea_rossa_ps_02ov.jpg,thumbs/143_prada_linea_rossa_ps_02ov.jpg,https://assets2.opsm.com/prod-onecp-record-files/pieyewear/a198a0e3-9773-4f62-9ddf-b36100bdd8dc/0PS_02OV__CZH1O1__STD__shad__fr.png?impolicy=OP_Large,https://www.opsm.com.au/glasses/prada-linea-rossa/ps-02ov/8056597529587,www.opsm.com.au,retailer,2000x1000
144,Prada Linea Rossa,PS 09OV,optical frame,images/144_prada_linea_rossa_ps_09ov.jpg,thumbs/144_prada_linea_rossa_ps_09ov.jpg,https://assets2.opsm.com/prod-onecp-record-files/pieyewear/fb7c3645-c6a2-422c-9db9-b3610134d920/0PS_09OV__14C1O1__STD__shad__fr.png?impolicy=OP_PDP,https://www.opsm.com.au/glasses/prada-linea-rossa/ps-09ov/8056597661348,www.opsm.com.au,retailer,1030x430
145,Prada Linea Rossa,PS 08OV,optical frame,images/145_prada_linea_rossa_ps_08ov.jpg,thumbs/145_prada_linea_rossa_ps_08ov.jpg,https://assets2.opsm.com/prod-onecp-record-files/pieyewear/86f988f8-c41f-4349-945e-b36101374b7d/0PS_08OV__15C1O1__STD__shad__fr.png?impolicy=OP_Large,https://www.opsm.com.au/glasses/prada-linea-rossa/ps-08ov/8056597661195,www.opsm.com.au,retailer,2000x1000
146,Prada Linea Rossa,PS 03PV,optical frame,images/146_prada_linea_rossa_ps_03pv.jpg,thumbs/146_prada_linea_rossa_ps_03pv.jpg,https://assets2.opsm.com/prod-onecp-record-files/pieyewear/eeb34524-c05b-46c1-ab97-b362004a3868/0PS_03PV__11C1O1__P21__shad__fr.png?impolicy=OP_PDP,https://www.opsm.com.au/glasses/prada-linea-rossa/ps-03pv/8056597765268,www.opsm.com.au,retailer,1030x430
147,Prada Linea Rossa,PS 50PV,optical frame,images/147_prada_linea_rossa_ps_50pv.jpg,thumbs/147_prada_linea_rossa_ps_50pv.jpg,https://assets2.opsm.com/prod-onecp-record-files/pieyewear/405e24e5-f74a-4e62-922f-b3620032d96b/0PS_50PV__YDC1O1__P21__shad__fr.png?impolicy=OP_PDP,https://www.opsm.com.au/glasses/prada-linea-rossa/ps-50pv/8056597766289,www.opsm.com.au,retailer,1030x430
148,Prada Linea Rossa,PS 05PV,optical frame,images/148_prada_linea_rossa_ps_05pv.jpg,thumbs/148_prada_linea_rossa_ps_05pv.jpg,https://assets2.opsm.com/prod-onecp-record-files/pieyewear/b64ee0b5-87a5-41cc-9ac0-b36200e5811c/0PS_05PV__DG01O1__P21__shad__fr.png?impolicy=OP_Large,https://www.opsm.com.au/glasses/prada-linea-rossa/ps-05pv/8056597880725,www.opsm.com.au,retailer,2000x1000
149,Prada Linea Rossa,PS 01QV,optical frame,images/149_prada_linea_rossa_ps_01qv.jpg,thumbs/149_prada_linea_rossa_ps_01qv.jpg,https://assets2.opsm.com/prod-onecp-record-files/pieyewear/362f87da-93bc-4589-9929-b362016715e3/0PS_01QV__TFY1O1__P21__shad__fr.png?impolicy=OP_Large,https://www.opsm.com.au/glasses/prada-linea-rossa/ps-01qv/8056597882170,www.opsm.com.au,retailer,2000x1000
150,Prada Linea Rossa,PS 51QV,optical frame,images/150_prada_linea_rossa_ps_51qv.jpg,thumbs/150_prada_linea_rossa_ps_51qv.jpg,https://assets2.opsm.com/prod-onecp-record-files/pieyewear/fea69847-4092-4121-8bd4-b36201675157/0PS_51QV__1BO1O1__P21__shad__fr.png?impolicy=OP_PDP,https://www.opsm.com.au/glasses/prada-linea-rossa/ps-51qv/8056597968423,www.opsm.com.au,retailer,1030x430
151,Prada Linea Rossa,PS 04QV,optical frame,images/151_prada_linea_rossa_ps_04qv.jpg,thumbs/151_prada_linea_rossa_ps_04qv.jpg,https://assets2.opsm.com/prod-onecp-record-files/pieyewear/5b5c3b64-338b-487c-896c-b363004b0839/0PS_04QV__DG01O1__P21__shad__fr.png?impolicy=OP_PDP,https://www.opsm.com.au/glasses/prada-linea-rossa/ps-04qv/8056262225578,www.opsm.com.au,retailer,1030x430
152,Prada Linea Rossa,PS 04PV,optical frame,images/152_prada_linea_rossa_ps_04pv.jpg,thumbs/152_prada_linea_rossa_ps_04pv.jpg,https://assets2.opsm.com/prod-onecp-record-files/pieyewear/ac95e46c-8eea-41a5-b1fd-b36200ff8cde/0PS_04PV__DG01O1__P21__shad__fr.png?impolicy=OP_PDP,https://www.opsm.com.au/glasses/prada-linea-rossa/ps-04pv/8056597881074,www.opsm.com.au,retailer,1030x430
153,Prada Linea Rossa,PS 51PV,optical frame,images/153_prada_linea_rossa_ps_51pv.jpg,thumbs/153_prada_linea_rossa_ps_51pv.jpg,https://assets2.opsm.com/prod-onecp-record-files/pieyewear/8f466d52-3157-46fa-87e7-b36200fd57e5/0PS_51PV__1AB1O1__P21__shad__fr.png?impolicy=OP_Large,https://www.opsm.com.au/glasses/prada-linea-rossa/ps-51pv/8056597881135,www.opsm.com.au,retailer,2000x1000
154,Prada Linea Rossa,PS 50QV,optical frame,images/154_prada_linea_rossa_ps_50qv.jpg,thumbs/154_prada_linea_rossa_ps_50qv.jpg,https://assets2.opsm.com/prod-onecp-record-files/pieyewear/e94d9703-2d7d-4fd2-95e1-b362016bad73/0PS_50QV__1BC1O1__P21__shad__fr.png?impolicy=OP_Large,https://www.opsm.com.au/glasses/prada-linea-rossa/ps-50qv/8056597968348,www.opsm.com.au,retailer,2000x1000
155,Prada Linea Rossa,PS 01RV,optical frame,images/155_prada_linea_rossa_ps_01rv.jpg,thumbs/155_prada_linea_rossa_ps_01rv.jpg,https://assets2.opsm.com/prod-onecp-record-files/pieyewear/27b2225a-4f8b-449d-a9a5-b36300876aa9/0PS_01RV__16X1O1__P21__shad__fr.png?impolicy=OP_PDP,https://www.opsm.com.au/glasses/prada-linea-rossa/ps-01rv/8056262318126,www.opsm.com.au,retailer,1030x430
156,Versace,VE3383,optical frame,images/156_versace_ve3383.jpg,thumbs/156_versace_ve3383.jpg,https://assets2.opsm.com/prod-onecp-record-files/pieyewear/7e0bf9b7-4509-40a5-893b-b3700107f7de/0VE3383__GB1__P21__shad__fr.png?impolicy=OP_PDP,https://www.opsm.com.au/glasses/versace/ve3383/8056262551592,www.opsm.com.au,retailer,1030x430
157,Versace,VE1308,optical frame,images/157_versace_ve1308.jpg,thumbs/157_versace_ve1308.jpg,https://assets2.opsm.com/prod-onecp-record-files/pieyewear/4e9c1f0a-55a2-490b-b084-b3a0014d5296/0VE1308__1261__P21__shad__fr.png?impolicy=OP_PDP,https://www.opsm.com.au/glasses/versace/ve1308/8056262551172,www.opsm.com.au,retailer,1030x430
158,Versace,VE1264,optical frame,images/158_versace_ve1264.jpg,thumbs/158_versace_ve1264.jpg,https://assets2.opsm.com/prod-onecp-record-files/pieyewear/7af08f58-cef9-46fd-b34a-b360006d0465/0VE1264__1436__P21__shad__fr.png?impolicy=OP_PDP,https://www.opsm.com.au/glasses/versace/ve1264/8056597122511,www.opsm.com.au,retailer,1030x430
159,Versace,VE3373U,optical frame,images/159_versace_ve3373u.jpg,thumbs/159_versace_ve3373u.jpg,https://assets2.opsm.com/prod-onecp-record-files/pieyewear/7b701234-a1c3-4cd7-a739-b3a1005f5c0a/0VE3373U__108__P21__shad__fr.png?impolicy=OP_PDP,https://www.opsm.com.au/glasses/versace/ve3373u/8056262421604,www.opsm.com.au,retailer,1030x430
160,Versace,VE1247,optical frame,images/160_versace_ve1247.jpg,thumbs/160_versace_ve1247.jpg,https://assets2.opsm.com/prod-onecp-record-files/pieyewear/6505384f-e31d-4df5-b7ad-b35f00573a84/0VE1247__1252__P21__shad__fr.png?impolicy=OP_Large,https://www.opsm.com.au/glasses/versace/ve1247/8053672754483,www.opsm.com.au,retailer,2000x1000
161,Miu Miu,MU 01XV,optical frame,images/161_miu_miu_mu_01xv.jpg,thumbs/161_miu_miu_mu_01xv.jpg,https://assets2.opsm.com/prod-onecp-record-files/pieyewear/d289dd5d-2d12-4144-bd3e-b362016db44d/0MU_01XV__19P1O1__P21__shad__fr.png?impolicy=OP_Large,https://www.opsm.com.au/glasses/miu-miu/mu-01xv/8056597981347,www.opsm.com.au,retailer,2000x1000
162,Miu Miu,MU 50XV,optical frame,images/162_miu_miu_mu_50xv.jpg,thumbs/162_miu_miu_mu_50xv.jpg,https://assets2.opsm.com/prod-onecp-record-files/pieyewear/1c0682ac-d9de-4b72-b450-b36201646f77/0MU_50XV__KUI1O1__P21__shad__fr.png?impolicy=OP_PDP,https://www.opsm.com.au/glasses/miu-miu/mu-50xv/8056597980531,www.opsm.com.au,retailer,1030x430
163,Miu Miu,MU 08XV,optical frame,images/163_miu_miu_mu_08xv.jpg,thumbs/163_miu_miu_mu_08xv.jpg,https://assets2.opsm.com/prod-onecp-record-files/pieyewear/f5d4f824-914d-4579-9dce-b363003895fe/0MU_08XV__12U1O1__P21__shad__fr.png?impolicy=OP_Large,https://www.opsm.com.au/glasses/miu-miu/mu-08xv/8056262144152,www.opsm.com.au,retailer,2000x1000
164,Miu Miu,MU 05VV,optical frame,images/164_miu_miu_mu_05vv.jpg,thumbs/164_miu_miu_mu_05vv.jpg,https://assets2.opsm.com/prod-onecp-record-files/pieyewear/c90a4390-2420-49dc-ae4f-b36200fe99c3/0MU_05VV__VAU1O1__P21__shad__fr.png?impolicy=OP_PDP,https://www.opsm.com.au/glasses/miu-miu/mu-05vv/8056597887205,www.opsm.com.au,retailer,1030x430
165,Miu Miu,MU 05XV,optical frame,images/165_miu_miu_mu_05xv.jpg,thumbs/165_miu_miu_mu_05xv.jpg,https://assets2.opsm.com/prod-onecp-record-files/pieyewear/14b46493-c2de-46f3-b676-b3620163343f/0MU_05XV__VAU1O1__P21__shad__fr.png?impolicy=OP_PDP,https://www.opsm.com.au/glasses/miu-miu/mu-05xv/8056597980494,www.opsm.com.au,retailer,1030x430
166,Miu Miu,MU 01WV,optical frame,images/166_miu_miu_mu_01wv.jpg,thumbs/166_miu_miu_mu_01wv.jpg,https://assets2.opsm.com/prod-onecp-record-files/pieyewear/3700f07f-a6c3-454b-badf-b36e008ad2a5/0MU_01WV__14L1O1__P21__shad__fr.png?impolicy=OP_Large,https://www.opsm.com.au/glasses/miu-miu/mu-01wv/8056262361290,www.opsm.com.au,retailer,2000x1000
167,Miu Miu,MU 06XVF,optical frame,images/167_miu_miu_mu_06xvf.jpg,thumbs/167_miu_miu_mu_06xvf.jpg,https://assets2.opsm.com/prod-onecp-record-files/pieyewear/a048c49b-4250-4191-9b64-b3630041af39/0MU_06XVF__16K1O1__P21__shad__fr.png?impolicy=OP_Large,https://www.opsm.com.au/glasses/miu-miu/mu-06xvf/8056262149669,www.opsm.com.au,retailer,2000x1000
168,Miu Miu,MU 51WV,optical frame,images/168_miu_miu_mu_51wv.jpg,thumbs/168_miu_miu_mu_51wv.jpg,https://assets2.opsm.com/prod-onecp-record-files/pieyewear/5357a905-587d-43cf-a925-b370008dc1ca/0MU_51WV__5AK1O1__P21__shad__fr.png?impolicy=OP_PDP,https://www.opsm.com.au/glasses/miu-miu/mu-51wv/8056262412411,www.opsm.com.au,retailer,1030x430
169,Burberry,Be2379U Charlie,optical frame,images/169_burberry_be2379u_charlie.jpg,thumbs/169_burberry_be2379u_charlie.jpg,https://assets2.opsm.com/prod-onecp-record-files/pieyewear/f0ff48b2-3463-4062-89e1-b36200b6ea2f/0BE2379U__3464__P21__shad__fr.png?impolicy=OP_Large,https://www.opsm.com.au/glasses/burberry/be2379u-charlie/8056597836203,www.opsm.com.au,retailer,2000x1000
170,Burberry,Be1375 Douglas,optical frame,images/170_burberry_be1375_douglas.jpg,thumbs/170_burberry_be1375_douglas.jpg,https://assets2.opsm.com/prod-onecp-record-files/pieyewear/691d3424-cea1-46a1-af85-b36200be5599/0BE1375__1109__P21__shad__fr.png?impolicy=OP_PDP,https://www.opsm.com.au/glasses/burberry/be1375-douglas/8056597834810,www.opsm.com.au,retailer,1030x430
171,Burberry,BE2205,optical frame,images/171_burberry_be2205.jpg,thumbs/171_burberry_be2205.jpg,https://assets2.opsm.com/prod-onecp-record-files/pieyewear/dce0d2da-8fd0-4b5b-bf00-b35e00261ebb/0BE2205__3002__P21__shad__fr.png?impolicy=OP_Large,https://www.opsm.com.au/glasses/burberry/be2205/8053672417777,www.opsm.com.au,retailer,2000x1000
172,Burberry,Be1376 Virginia,optical frame,images/172_burberry_be1376_virginia.jpg,thumbs/172_burberry_be1376_virginia.jpg,https://assets2.opsm.com/prod-onecp-record-files/pieyewear/3e3c48cc-7c47-411f-868b-b35900c454ec/0BE1376__1343__P21__shad__fr.png?impolicy=OP_Large,https://www.opsm.com.au/glasses/burberry/be1376-virginia/8056597832892,www.opsm.com.au,retailer,2000x1000
173,Giorgio Armani,AR5010,optical frame,images/173_giorgio_armani_ar5010.jpg,thumbs/173_giorgio_armani_ar5010.jpg,https://assets2.opsm.com/prod-onecp-record-files/pieyewear/e810f0ca-b749-43cb-94aa-b36300102601/0AR5010__3003__P21__shad__fr.png?impolicy=OP_Large,https://www.opsm.com.au/glasses/giorgio-armani/ar5010/8056262062586,www.opsm.com.au,retailer,2000x1000
174,Giorgio Armani,AR5080,optical frame,images/174_giorgio_armani_ar5080.jpg,thumbs/174_giorgio_armani_ar5080.jpg,https://assets2.opsm.com/prod-onecp-record-files/pieyewear/59c78e76-720c-4c21-a699-b35f00e43aee/0AR5080__3001__P21__shad__fr.png?impolicy=OP_Large,https://www.opsm.com.au/glasses/giorgio-armani/ar5080/8053672876628,www.opsm.com.au,retailer,2000x1000
175,Giorgio Armani,AR7125,optical frame,images/175_giorgio_armani_ar7125.jpg,thumbs/175_giorgio_armani_ar7125.jpg,https://assets2.opsm.com/prod-onecp-record-files/pieyewear/1790dbb4-4b9d-4ab0-8432-b36300710375/0AR7125__6070__P21__shad__fr.png?impolicy=OP_PDP,https://www.opsm.com.au/glasses/giorgio-armani/ar7125/8056262250082,www.opsm.com.au,retailer,1030x430
176,Giorgio Armani,AR7202,optical frame,images/176_giorgio_armani_ar7202.jpg,thumbs/176_giorgio_armani_ar7202.jpg,https://assets2.opsm.com/prod-onecp-record-files/pieyewear/2afcd745-a769-4c27-a88f-b3600180a2f3/0AR7202__5060__STD__shad__fr.png?impolicy=OP_Large,https://www.opsm.com.au/glasses/giorgio-armani/ar7202/8056597337830,www.opsm.com.au,retailer,2000x1000
177,Giorgio Armani,AR7210,optical frame,images/177_giorgio_armani_ar7210.jpg,thumbs/177_giorgio_armani_ar7210.jpg,https://assets2.opsm.com/prod-onecp-record-files/pieyewear/b9480d59-dfb9-4bab-810f-b36100cb8273/0AR7210__5686__STD__shad__fr.png?impolicy=OP_Large,https://www.opsm.com.au/glasses/giorgio-armani/ar7210/8056597547994,www.opsm.com.au,retailer,2000x1000
178,Giorgio Armani,AR7206F,optical frame,images/178_giorgio_armani_ar7206f.jpg,thumbs/178_giorgio_armani_ar7206f.jpg,https://assets2.opsm.com/prod-onecp-record-files/pieyewear/09d0e535-1871-44fb-9f96-b36100461f9a/0AR7206F__5876__STD__shad__fr.png?impolicy=OP_PDP,https://www.opsm.com.au/glasses/giorgio-armani/ar7206f/8056597447263,www.opsm.com.au,retailer,1030x430
179,Giorgio Armani,AR7122,optical frame,images/179_giorgio_armani_ar7122.jpg,thumbs/179_giorgio_armani_ar7122.jpg,https://assets2.opsm.com/prod-onecp-record-files/pieyewear/9102d706-f985-4ae9-aa3d-b35e015bf298/0AR7122__5587__P21__shad__fr.png?impolicy=OP_Large,https://www.opsm.com.au/glasses/giorgio-armani/ar7122/8053672650624,www.opsm.com.au,retailer,2000x1000
180,Giorgio Armani,AR 318M,optical frame,images/180_giorgio_armani_ar_318m.jpg,thumbs/180_giorgio_armani_ar_318m.jpg,https://assets2.opsm.com/prod-onecp-record-files/pieyewear/52a4d7e0-a4de-45bf-ab34-b3610143bbc3/0AR_318M__5001__STD__shad__fr.png?impolicy=OP_PDP,https://www.opsm.com.au/glasses/giorgio-armani/ar-318m/8056597622684,www.opsm.com.au,retailer,1030x430
181,Giorgio Armani,AR5124,optical frame,images/181_giorgio_armani_ar5124.jpg,thumbs/181_giorgio_armani_ar5124.jpg,https://assets2.opsm.com/prod-onecp-record-files/pieyewear/72f3fa08-640c-43e4-8ec4-b3610148eef4/0AR5124__3002__STD__shad__fr.png?impolicy=OP_Large,https://www.opsm.com.au/glasses/giorgio-armani/ar5124/8056597628082,www.opsm.com.au,retailer,2000x1000
182,Giorgio Armani,AR7216,optical frame,images/182_giorgio_armani_ar7216.jpg,thumbs/182_giorgio_armani_ar7216.jpg,https://assets2.opsm.com/prod-onecp-record-files/pieyewear/c9a5dbfe-f46e-47c3-9c05-b36101433525/0AR7216__5943__STD__shad__fr.png?impolicy=OP_Large,https://www.opsm.com.au/glasses/giorgio-armani/ar7216/8056597631600,www.opsm.com.au,retailer,2000x1000
183,Emporio Armani,Ek1001 Kids,optical frame,images/183_emporio_armani_ek1001_kids.jpg,thumbs/183_emporio_armani_ek1001_kids.jpg,https://assets2.opsm.com/prod-onecp-record-files/pieyewear/805551a8-7056-4393-8929-b36200d3bc4f/0EK1001__3018__P21__shad__fr.png?impolicy=OP_PDP,https://www.opsm.com.au/glasses/emporio-armani/ek1001-kids/8056597822091,www.opsm.com.au,retailer,1030x430
184,Emporio Armani,Ek3203 Kids,optical frame,images/184_emporio_armani_ek3203_kids.jpg,thumbs/184_emporio_armani_ek3203_kids.jpg,https://assets2.opsm.com/prod-onecp-record-files/pieyewear/5a99c728-9300-4e85-b75f-b362013bc3a7/0EK3203__5088__STD__shad__fr.png?impolicy=OP_PDP,https://www.opsm.com.au/glasses/emporio-armani/ek3203-kids/8056597980623,www.opsm.com.au,retailer,1030x430
185,Emporio Armani,Ek3205 Kids,optical frame,images/185_emporio_armani_ek3205_kids.jpg,thumbs/185_emporio_armani_ek3205_kids.jpg,https://assets2.opsm.com/prod-onecp-record-files/pieyewear/9a1c7f12-27cb-4717-ad72-b362013b439e/0EK3205__5741__STD__shad__fr.png?impolicy=OP_PDP,https://www.opsm.com.au/glasses/emporio-armani/ek3205-kids/8056597981798,www.opsm.com.au,retailer,1030x430
186,Emporio Armani,EK3005,optical frame,images/186_emporio_armani_ek3005.jpg,thumbs/186_emporio_armani_ek3005.jpg,https://assets2.opsm.com/prod-onecp-record-files/pieyewear/72eb9a34-5b54-407b-87a0-b36300132c39/0EK3005__5088__P21__shad__fr.png?impolicy=OP_PDP,https://www.opsm.com.au/glasses/emporio-armani/ek3005/8056262072714,www.opsm.com.au,retailer,1030x430
187,Emporio Armani,EK3005F,optical frame,images/187_emporio_armani_ek3005f.jpg,thumbs/187_emporio_armani_ek3005f.jpg,https://assets2.opsm.com/prod-onecp-record-files/pieyewear/3e672c9c-6d7e-4c80-9b87-b363003754e9/0EK3005F__5001__P21__shad__fr.png?impolicy=OP_Large,https://www.opsm.com.au/glasses/emporio-armani/ek3005f/8056262075005,www.opsm.com.au,retailer,2000x1000
188,Emporio Armani,EK3006F,optical frame,images/188_emporio_armani_ek3006f.jpg,thumbs/188_emporio_armani_ek3006f.jpg,https://assets2.opsm.com/prod-onecp-record-files/pieyewear/d5e220fa-7a17-4af6-bb18-b36300380a90/0EK3006F__6143__P21__shad__fr.png?impolicy=OP_PDP,https://www.opsm.com.au/glasses/emporio-armani/ek3006f/8056262075869,www.opsm.com.au,retailer,1030x430
189,Emporio Armani,EK3006,optical frame,images/189_emporio_armani_ek3006.jpg,thumbs/189_emporio_armani_ek3006.jpg,https://assets2.opsm.com/prod-onecp-record-files/pieyewear/6ffea633-8e86-4a1d-b27f-b36300732105/0EK3006__6139__P21__shad__fr.png?impolicy=OP_Large,https://www.opsm.com.au/glasses/emporio-armani/ek3006/8056262302187,www.opsm.com.au,retailer,2000x1000
190,Emporio Armani,EK3008U,optical frame,images/190_emporio_armani_ek3008u.jpg,thumbs/190_emporio_armani_ek3008u.jpg,https://assets2.opsm.com/prod-onecp-record-files/pieyewear/17d66f88-5614-402b-85cd-b39e00b109c6/0EK3008U__5009__P21__shad__fr.png?impolicy=OP_Large,https://www.opsm.com.au/glasses/emporio-armani/ek3008u/8056262722909,www.opsm.com.au,retailer,2000x1000
191,Emporio Armani,EK3011U,optical frame,images/191_emporio_armani_ek3011u.jpg,thumbs/191_emporio_armani_ek3011u.jpg,https://assets2.opsm.com/prod-onecp-record-files/pieyewear/623ce88f-262b-4e5c-8675-b412015eee9a/0EK3011U__6346__P21__shad__fr.png?impolicy=OP_PDP,https://www.opsm.com.au/glasses/emporio-armani/ek3011u/8056262722916,www.opsm.com.au,retailer,1030x430
192,Emporio Armani,EK3013U,optical frame,images/192_emporio_armani_ek3013u.jpg,thumbs/192_emporio_armani_ek3013u.jpg,https://assets2.opsm.com/prod-onecp-record-files/pieyewear/805a051b-4d25-4367-9c96-b371001b9a16/0EK3013U__6344__P21__shad__fr.png?impolicy=OP_Large,https://www.opsm.com.au/glasses/emporio-armani/ek3013u/8056262854464,www.opsm.com.au,retailer,2000x1000
193,Emporio Armani,EK3014U,optical frame,images/193_emporio_armani_ek3014u.jpg,thumbs/193_emporio_armani_ek3014u.jpg,https://assets2.opsm.com/prod-onecp-record-files/pieyewear/d1915d24-0c2d-4c61-b71c-b371001b8599/0EK3014U__6388__P21__shad__fr.png?impolicy=OP_PDP,https://www.opsm.com.au/glasses/emporio-armani/ek3014u/8056262854778,www.opsm.com.au,retailer,1030x430
194,Armani Exchange,AX1054,optical frame,images/194_armani_exchange_ax1054.jpg,thumbs/194_armani_exchange_ax1054.jpg,https://assets2.opsm.com/prod-onecp-record-files/pieyewear/27a67d25-795b-4e9e-959f-b362002daebc/0AX1054__6000__P21__shad__fr.png?impolicy=OP_Large,https://www.opsm.com.au/glasses/armani-exchange/ax1054/7895653246669,www.opsm.com.au,retailer,2000x1000
195,Armani Exchange,AX1052,optical frame,images/195_armani_exchange_ax1052.jpg,thumbs/195_armani_exchange_ax1052.jpg,https://assets2.opsm.com/prod-onecp-record-files/pieyewear/1525f3c3-ec0d-4eeb-bd4e-b370010a5a5a/0AX1052__6099__STD__shad__fr.png?impolicy=OP_PDP,https://www.opsm.com.au/glasses/armani-exchange/ax1052/8056597584975,www.opsm.com.au,retailer,1030x430
196,Armani Exchange,AX3027,optical frame,images/196_armani_exchange_ax3027.jpg,thumbs/196_armani_exchange_ax3027.jpg,https://assets2.opsm.com/prod-onecp-record-files/pieyewear/e6486059-f31b-4707-ab80-b35f00c77691/0AX3027__8238__P21__shad__fr.png?impolicy=OP_PDP,https://www.opsm.com.au/glasses/armani-exchange/ax3027/8053672866612,www.opsm.com.au,retailer,1030x430
197,Armani Exchange,AX1018,optical frame,images/197_armani_exchange_ax1018.jpg,thumbs/197_armani_exchange_ax1018.jpg,https://assets2.opsm.com/prod-onecp-record-files/pieyewear/a6222429-b857-4a89-9faa-b35e00cd08c6/0AX1018__6017__P21__shad__fr.png?impolicy=OP_PDP,https://www.opsm.com.au/glasses/armani-exchange/ax1018/8053672517538,www.opsm.com.au,retailer,1030x430
198,Armani Exchange,AX3038F,optical frame,images/198_armani_exchange_ax3038f.jpg,thumbs/198_armani_exchange_ax3038f.jpg,https://assets2.opsm.com/prod-onecp-record-files/pieyewear/f7d5f36a-0f2e-4a07-b51e-b37000891d39/0AX3038F__8370__P21__shad__fr.png?impolicy=OP_Large,https://www.opsm.com.au/glasses/armani-exchange/ax3038f/8056262221877,www.opsm.com.au,retailer,2000x1000
199,Armani Exchange,AX1019,optical frame,images/199_armani_exchange_ax1019.jpg,thumbs/199_armani_exchange_ax1019.jpg,https://assets2.opsm.com/prod-onecp-record-files/pieyewear/646e0dde-7427-4f40-bb81-b35e0104bc27/0AX1019__6089__P21__shad__fr.png?impolicy=OP_PDP,https://www.opsm.com.au/glasses/armani-exchange/ax1019/8053672571875,www.opsm.com.au,retailer,1030x430
200,Armani Exchange,AX1017,optical frame,images/200_armani_exchange_ax1017.jpg,thumbs/200_armani_exchange_ax1017.jpg,https://assets2.opsm.com/prod-onecp-record-files/pieyewear/e1e3b0af-d14f-4006-b374-b37001078dbc/0AX1017__6099__P21__shad__fr.png?impolicy=OP_PDP,https://www.opsm.com.au/glasses/armani-exchange/ax1017/7895653319776,www.opsm.com.au,retailer,1030x430
201,Armani Exchange,AX3016,optical frame,images/201_armani_exchange_ax3016.jpg,thumbs/201_armani_exchange_ax3016.jpg,https://assets2.opsm.com/prod-onecp-record-files/pieyewear/37bc65b4-1485-4668-8728-b3700105583e/0AX3016__8033__P21__shad__fr.png?impolicy=OP_PDP,https://www.opsm.com.au/glasses/armani-exchange/ax3016/7895653290518,www.opsm.com.au,retailer,1030x430
202,Armani Exchange,AX3077,optical frame,images/202_armani_exchange_ax3077.jpg,thumbs/202_armani_exchange_ax3077.jpg,https://assets2.opsm.com/prod-onecp-record-files/pieyewear/415c6582-4c78-4d0e-b8ff-b3600179dfb4/0AX3077__8333__STD__shad__fr.png?impolicy=OP_Large,https://www.opsm.com.au/glasses/armani-exchange/ax3077/8056597419215,www.opsm.com.au,retailer,2000x1000
203,Armani Exchange,AX3083U,optical frame,images/203_armani_exchange_ax3083u.jpg,thumbs/203_armani_exchange_ax3083u.jpg,https://assets2.opsm.com/prod-onecp-record-files/pieyewear/3c9a23b0-1700-4674-8036-b370010992cd/0AX3083U__8235__P21__shad__fr.png?impolicy=OP_PDP,https://www.opsm.com.au/glasses/armani-exchange/ax3083u/7895653329683,www.opsm.com.au,retailer,1030x430
204,Armani Exchange,AX3103,optical frame,images/204_armani_exchange_ax3103.jpg,thumbs/204_armani_exchange_ax3103.jpg,https://assets2.opsm.com/prod-onecp-record-files/pieyewear/880a3d84-81ea-440d-a2cc-b371000d2e25/0AX3103__8181__P21__shad__fr.png?impolicy=OP_Large,https://www.opsm.com.au/glasses/armani-exchange/ax3103/7895653257580,www.opsm.com.au,retailer,2000x1000
205,Armani Exchange,AX1057,optical frame,images/205_armani_exchange_ax1057.jpg,thumbs/205_armani_exchange_ax1057.jpg,https://assets2.opsm.com/prod-onecp-record-files/pieyewear/c07c4a63-4e22-457c-b2f1-b36200dcb376/0AX1057__6000__P21__shad__fr.png?impolicy=OP_PDP,https://www.opsm.com.au/glasses/armani-exchange/ax1057/7895653257696,www.opsm.com.au,retailer,1030x430
206,Armani Exchange,AX1061,optical frame,images/206_armani_exchange_ax1061.jpg,thumbs/206_armani_exchange_ax1061.jpg,https://assets2.opsm.com/prod-onecp-record-files/pieyewear/982ada41-118b-4648-a1f0-b3620161a92b/0AX1061__6099__P21__shad__fr.png?impolicy=OP_Large,https://www.opsm.com.au/glasses/armani-exchange/ax1061/8056597911627,www.opsm.com.au,retailer,2000x1000
207,Armani Exchange,AX3106,optical frame,images/207_armani_exchange_ax3106.jpg,thumbs/207_armani_exchange_ax3106.jpg,https://assets2.opsm.com/prod-onecp-record-files/pieyewear/66e55f95-51d8-4369-bab5-b3620161ba78/0AX3106__8181__P21__shad__fr.png?impolicy=OP_PDP,https://www.opsm.com.au/glasses/armani-exchange/ax3106/7895653273641,www.opsm.com.au,retailer,1030x430
208,Coach,HC6271U,optical frame,images/208_coach_hc6271u.jpg,thumbs/208_coach_hc6271u.jpg,https://assets2.opsm.com/prod-onecp-record-files/pieyewear/46036e97-47d9-43d7-9f44-b35900cd7c1d/0HC6271U__5614__P21__shad__fr.png?impolicy=OP_PDP,https://www.opsm.com.au/glasses/coach/hc6271u/725125535793,www.opsm.com.au,retailer,1030x430
209,Coach,HC6139U,optical frame,images/209_coach_hc6139u.jpg,thumbs/209_coach_hc6139u.jpg,https://assets2.opsm.com/prod-onecp-record-files/pieyewear/5a34d2be-1f0c-4deb-9b3c-b363000b4d44/0HC6139U__5822__P21__shad__fr.png?impolicy=OP_Large,https://www.opsm.com.au/glasses/coach/hc6139u/725125506168,www.opsm.com.au,retailer,2000x1000
210,Coach,HC6142,optical frame,images/210_coach_hc6142.jpg,thumbs/210_coach_hc6142.jpg,https://assets2.opsm.com/prod-onecp-record-files/pieyewear/1c9bdf0a-0f0c-43eb-9c9d-b36000093bb4/0HC6142__5551__P21__shad__fr.png?impolicy=OP_Large,https://www.opsm.com.au/glasses/coach/hc6142/725125030106,www.opsm.com.au,retailer,2000x1000
211,Coach,HC5097,optical frame,images/211_coach_hc5097.jpg,thumbs/211_coach_hc5097.jpg,https://assets2.opsm.com/prod-onecp-record-files/pieyewear/2bd37756-c047-425a-88ce-b35f0114393c/0HC5097__9005__P21__shad__fr.png?impolicy=OP_Large,https://www.opsm.com.au/glasses/coach/hc5097/725125005630,www.opsm.com.au,retailer,2000x1000
212,Coach,HC6172,optical frame,images/212_coach_hc6172.jpg,thumbs/212_coach_hc6172.jpg,https://assets2.opsm.com/prod-onecp-record-files/pieyewear/de6fdf11-3c5a-47ce-88aa-b3630063826d/0HC6172__5668__P21__shad__fr.png?impolicy=OP_PDP,https://www.opsm.com.au/glasses/coach/hc6172/725125522830,www.opsm.com.au,retailer,1030x430
213,Coach,HC6065,optical frame,images/213_coach_hc6065.jpg,thumbs/213_coach_hc6065.jpg,https://assets2.opsm.com/prod-onecp-record-files/pieyewear/0e2799a0-5958-49ae-a1f6-b35e00047f41/0HC6065__5288__P21__shad__fr.png?impolicy=OP_PDP,https://www.opsm.com.au/glasses/coach/hc6065/725125932219,www.opsm.com.au,retailer,1030x430
214,Coach,HC6177,optical frame,images/214_coach_hc6177.jpg,thumbs/214_coach_hc6177.jpg,https://assets2.opsm.com/prod-onecp-record-files/pieyewear/bddbd5a3-31ff-43d6-b776-b3610084eb87/0HC6177__5120__STD__shad__fr.png?impolicy=OP_PDP,https://www.opsm.com.au/glasses/coach/hc6177/725125370530,www.opsm.com.au,retailer,1030x430
215,Coach,HC6187,optical frame,images/215_coach_hc6187.jpg,thumbs/215_coach_hc6187.jpg,https://assets2.opsm.com/prod-onecp-record-files/pieyewear/79c9958f-8e60-4ee8-8a94-b361015b359b/0HC6187__5678__STD__shad__fr.png?impolicy=OP_Large,https://www.opsm.com.au/glasses/coach/hc6187/725125377232,www.opsm.com.au,retailer,2000x1000
216,Coach,HC6196U,optical frame,images/216_coach_hc6196u.jpg,thumbs/216_coach_hc6196u.jpg,https://assets2.opsm.com/prod-onecp-record-files/pieyewear/9770af65-15ef-4447-b1d4-b362002ef22c/0HC6196U__5714__P21__shad__fr.png?impolicy=OP_PDP,https://www.opsm.com.au/glasses/coach/hc6196u/725125386791,www.opsm.com.au,retailer,1030x430
217,Coach,HC6208U,optical frame,images/217_coach_hc6208u.jpg,thumbs/217_coach_hc6208u.jpg,https://assets2.opsm.com/prod-onecp-record-files/pieyewear/fb225574-9e2d-407e-9157-b3620041d5e2/0HC6208U__5002__P21__shad__fr.png?impolicy=OP_Large,https://www.opsm.com.au/glasses/coach/hc6208u/725125392372,www.opsm.com.au,retailer,2000x1000
218,Coach,HC6209U,optical frame,images/218_coach_hc6209u.jpg,thumbs/218_coach_hc6209u.jpg,https://assets2.opsm.com/prod-onecp-record-files/pieyewear/5508b01b-8096-4b54-acdf-b3620042520d/0HC6209U__5743__P21__shad__fr.png?impolicy=OP_PDP,https://www.opsm.com.au/glasses/coach/hc6209u/725125391986,www.opsm.com.au,retailer,1030x430
219,Coach,HC6222U,optical frame,images/219_coach_hc6222u.jpg,thumbs/219_coach_hc6222u.jpg,https://assets2.opsm.com/prod-onecp-record-files/pieyewear/e1b41564-78b3-448e-ad3a-b362013da8f7/0HC6222U__5783__P21__shad__fr.png?impolicy=OP_Large,https://www.opsm.com.au/glasses/coach/hc6222u/725125399654,www.opsm.com.au,retailer,2000x1000
220,Coach,HC6219U,optical frame,images/220_coach_hc6219u.jpg,thumbs/220_coach_hc6219u.jpg,https://assets2.opsm.com/prod-onecp-record-files/pieyewear/03fe8f6a-4fb7-4106-8e54-b3620118a8bd/0HC6219U__5778__P21__shad__fr.png?impolicy=OP_Large,https://www.opsm.com.au/glasses/coach/hc6219u/725125400459,www.opsm.com.au,retailer,2000x1000
221,Coach,HC6235U,optical frame,images/221_coach_hc6235u.jpg,thumbs/221_coach_hc6235u.jpg,https://assets2.opsm.com/prod-onecp-record-files/pieyewear/5a6aaba6-9aac-4c5e-b7d4-b363000a76e7/0HC6235U__5111__P21__shad__fr.png?impolicy=OP_Large,https://www.opsm.com.au/glasses/coach/hc6235u/725125519991,www.opsm.com.au,retailer,2000x1000
222,Jimmy Choo,JC3032B,optical frame,images/222_jimmy_choo_jc3032b.jpg,thumbs/222_jimmy_choo_jc3032b.jpg,https://assets2.opsm.com/prod-onecp-record-files/pieyewear/49e385b4-e91c-4479-a05e-b3a00183ba16/0JC3032B__5002__P21__shad__fr.png?impolicy=OP_Large,https://www.opsm.com.au/glasses/jimmy-choo/jc3032b/8056262472774,www.opsm.com.au,retailer,2000x1000
223,Jimmy Choo,JC3017U,optical frame,images/223_jimmy_choo_jc3017u.jpg,thumbs/223_jimmy_choo_jc3017u.jpg,https://assets2.opsm.com/prod-onecp-record-files/pieyewear/489701af-8095-4b4a-bc75-b36300277336/0JC3017U__5002__P21__shad__fr.png?impolicy=OP_PDP,https://www.opsm.com.au/glasses/jimmy-choo/jc3017u/8056262030127,www.opsm.com.au,retailer,1030x430
224,Jimmy Choo,JC3001B,optical frame,images/224_jimmy_choo_jc3001b.jpg,thumbs/224_jimmy_choo_jc3001b.jpg,https://assets2.opsm.com/prod-onecp-record-files/pieyewear/59eac569-ed3d-4ecb-aaab-b3630025468e/0JC3001B__5000__P21__shad__fr.png?impolicy=OP_Large,https://www.opsm.com.au/glasses/jimmy-choo/jc3001b/8056262040478,www.opsm.com.au,retailer,2000x1000
225,Jimmy Choo,JC3006U,optical frame,images/225_jimmy_choo_jc3006u.jpg,thumbs/225_jimmy_choo_jc3006u.jpg,https://assets2.opsm.com/prod-onecp-record-files/pieyewear/15776632-7d92-4079-92f4-b36300291984/0JC3006U__5000__P21__shad__fr.png?impolicy=OP_PDP,https://www.opsm.com.au/glasses/jimmy-choo/jc3006u/8056262048030,www.opsm.com.au,retailer,1030x430
226,Jimmy Choo,JC3019B,optical frame,images/226_jimmy_choo_jc3019b.jpg,thumbs/226_jimmy_choo_jc3019b.jpg,https://assets2.opsm.com/prod-onecp-record-files/pieyewear/d41f9d74-99fb-48cd-8436-b363005f9782/0JC3019B__5002__P21__shad__fr.png?impolicy=OP_Large,https://www.opsm.com.au/glasses/jimmy-choo/jc3019b/8056262235232,www.opsm.com.au,retailer,2000x1000
227,Jimmy Choo,JC3008,optical frame,images/227_jimmy_choo_jc3008.jpg,thumbs/227_jimmy_choo_jc3008.jpg,https://assets2.opsm.com/prod-onecp-record-files/pieyewear/2bbf70af-3d51-47a4-bb34-b363002591d9/0JC3008__5016__P21__shad__fr.png?impolicy=OP_Large,https://www.opsm.com.au/glasses/jimmy-choo/jc3008/8056262029794,www.opsm.com.au,retailer,2000x1000
228,Jimmy Choo,JC3009,optical frame,images/228_jimmy_choo_jc3009.jpg,thumbs/228_jimmy_choo_jc3009.jpg,https://assets2.opsm.com/prod-onecp-record-files/pieyewear/2e07d7b0-8f23-4ea5-b030-b36300254256/0JC3009__5004__P21__shad__fr.png?impolicy=OP_Large,https://www.opsm.com.au/glasses/jimmy-choo/jc3009/8056262029640,www.opsm.com.au,retailer,2000x1000
229,Jimmy Choo,JC3011,optical frame,images/229_jimmy_choo_jc3011.jpg,thumbs/229_jimmy_choo_jc3011.jpg,https://assets2.opsm.com/prod-onecp-record-files/pieyewear/abef226f-cfba-4266-901a-b36300256c86/0JC3011__5000__P21__shad__fr.png?impolicy=OP_PDP,https://www.opsm.com.au/glasses/jimmy-choo/jc3011/8056262029909,www.opsm.com.au,retailer,1030x430
230,Jimmy Choo,JC3013U,optical frame,images/230_jimmy_choo_jc3013u.jpg,thumbs/230_jimmy_choo_jc3013u.jpg,https://assets2.opsm.com/prod-onecp-record-files/pieyewear/b5ddb813-1684-4380-af32-b3630025783d/0JC3013U__5020__P21__shad__fr.png?impolicy=OP_Large,https://www.opsm.com.au/glasses/jimmy-choo/jc3013u/8056262044407,www.opsm.com.au,retailer,2000x1000
231,Jimmy Choo,JC2003,optical frame,images/231_jimmy_choo_jc2003.jpg,thumbs/231_jimmy_choo_jc2003.jpg,https://assets2.opsm.com/prod-onecp-record-files/pieyewear/db20bc74-c6c4-445c-b9b2-b3630028a36c/0JC2003__3013__P21__shad__fr.png?impolicy=OP_Large,https://www.opsm.com.au/glasses/jimmy-choo/jc2003/8056262047965,www.opsm.com.au,retailer,2000x1000
232,Jimmy Choo,JC3012F,optical frame,images/232_jimmy_choo_jc3012f.jpg,thumbs/232_jimmy_choo_jc3012f.jpg,https://assets2.opsm.com/prod-onecp-record-files/pieyewear/89f2fa82-1129-41da-b930-b363003169b8/0JC3012F__5000__P21__shad__fr.png?impolicy=OP_Large,https://www.opsm.com.au/glasses/jimmy-choo/jc3012f/8056262055342,www.opsm.com.au,retailer,2000x1000
233,Jimmy Choo,JC2002,optical frame,images/233_jimmy_choo_jc2002.jpg,thumbs/233_jimmy_choo_jc2002.jpg,https://assets2.opsm.com/prod-onecp-record-files/pieyewear/d626f305-2321-4d84-8812-b3700109b561/0JC2002__3015__P21__shad__fr.png?impolicy=OP_Large,https://www.opsm.com.au/glasses/jimmy-choo/jc2002/8056262078754,www.opsm.com.au,retailer,2000x1000
234,Jimmy Choo,JC3022H,optical frame,images/234_jimmy_choo_jc3022h.jpg,thumbs/234_jimmy_choo_jc3022h.jpg,https://assets2.opsm.com/prod-onecp-record-files/pieyewear/d7b9def2-16d6-4f38-9f6c-b363005f6d9b/0JC3022H__5057__P21__shad__fr.png?impolicy=OP_Large,https://www.opsm.com.au/glasses/jimmy-choo/jc3022h/8056262235850,www.opsm.com.au,retailer,2000x1000
235,Jimmy Choo,JC3005,optical frame,images/235_jimmy_choo_jc3005.jpg,thumbs/235_jimmy_choo_jc3005.jpg,https://assets2.opsm.com/prod-onecp-record-files/pieyewear/30b9fb94-bf56-43f6-8899-b37001066b72/0JC3005__5009__P21__shad__fr.png?impolicy=OP_Large,https://www.opsm.com.au/glasses/jimmy-choo/jc3005/8056262040577,www.opsm.com.au,retailer,2000x1000
236,Jimmy Choo,JC3046U,optical frame,images/236_jimmy_choo_jc3046u.jpg,thumbs/236_jimmy_choo_jc3046u.jpg,https://assets2.opsm.com/prod-onecp-record-files/pieyewear/b6a05c14-3083-4214-8903-b3a001528e9b/0JC3046U__5000__P21__shad__fr.png?impolicy=OP_PDP,https://www.opsm.com.au/glasses/jimmy-choo/jc3046u/8056262570333,www.opsm.com.au,retailer,1030x430
237,Jimmy Choo,JC3052U,optical frame,images/237_jimmy_choo_jc3052u.jpg,thumbs/237_jimmy_choo_jc3052u.jpg,https://assets2.opsm.com/prod-onecp-record-files/pieyewear/21a2a757-b2d6-4407-a078-b3a00155e357/0JC3052U__5000__P21__shad__fr.png?impolicy=OP_PDP,https://www.opsm.com.au/glasses/jimmy-choo/jc3052u/8056262577776,www.opsm.com.au,retailer,1030x430
238,Jimmy Choo,JC2021,optical frame,images/238_jimmy_choo_jc2021.jpg,thumbs/238_jimmy_choo_jc2021.jpg,https://assets2.opsm.com/prod-onecp-record-files/pieyewear/8a024b5f-cc79-4848-b31b-b3710100eadb/0JC2021__3027__P21__shad__fr.png?impolicy=OP_PDP,https://www.opsm.com.au/glasses/jimmy-choo/jc2021/8056262845813,www.opsm.com.au,retailer,1030x430
239,Jimmy Choo,JC3056,optical frame,images/239_jimmy_choo_jc3056.jpg,thumbs/239_jimmy_choo_jc3056.jpg,https://assets2.opsm.com/prod-onecp-record-files/pieyewear/8051fbd1-cfe6-4284-84b0-b37101789600/0JC3056__5000__P21__shad__fr.png?impolicy=OP_Large,https://www.opsm.com.au/glasses/jimmy-choo/jc3056/8056262851975,www.opsm.com.au,retailer,2000x1000
240,Michael Kors,Mk4149U Puglia,optical frame,images/240_michael_kors_mk4149u_puglia.jpg,thumbs/240_michael_kors_mk4149u_puglia.jpg,https://assets2.opsm.com/prod-onecp-record-files/pieyewear/cee133b0-0c27-43c6-9fd1-b3a100f0a75a/0MK4149U__3006__P21__shad__fr.png?impolicy=OP_PDP,https://www.opsm.com.au/glasses/michael-kors/mk4149u-puglia/725125531382,www.opsm.com.au,retailer,1030x430
241,Michael Kors,Mk4119U Nassau,optical frame,images/241_michael_kors_mk4119u_nassau.jpg,thumbs/241_michael_kors_mk4119u_nassau.jpg,https://assets2.opsm.com/prod-onecp-record-files/pieyewear/4cf56c91-67ea-4153-a6cf-b363000c6f74/0MK4119U__3998__P21__shad__fr.png?impolicy=OP_PDP,https://www.opsm.com.au/glasses/michael-kors/mk4119u-nassau/725125517751,www.opsm.com.au,retailer,1030x430
242,Michael Kors,Mk3062 Belleville,optical frame,images/242_michael_kors_mk3062_belleville.jpg,thumbs/242_michael_kors_mk3062_belleville.jpg,https://assets2.opsm.com/prod-onecp-record-files/pieyewear/136bf81a-3d4e-4a1d-baa4-b3620003f51f/0MK3062__1108__P21__shad__fr.png?impolicy=OP_PDP,https://www.opsm.com.au/glasses/michael-kors/mk3062-belleville/725125388757,www.opsm.com.au,retailer,1030x430
243,Michael Kors,Mk3012 Adrianna Iv,optical frame,images/243_michael_kors_mk3012_adrianna_iv.jpg,thumbs/243_michael_kors_mk3012_adrianna_iv.jpg,https://assets2.opsm.com/prod-onecp-record-files/pieyewear/f83a3f84-8f2b-4b3d-922e-b35f0118f552/0MK3012__1108__P21__shad__fr.png?impolicy=OP_PDP,https://www.opsm.com.au/glasses/michael-kors/mk3012-adrianna-iv/725125008396,www.opsm.com.au,retailer,1030x430
244,Michael Kors,Mk4067U Santa Clara,optical frame,images/244_michael_kors_mk4067u_santa_clara.jpg,thumbs/244_michael_kors_mk4067u_santa_clara.jpg,https://assets2.opsm.com/prod-onecp-record-files/pieyewear/0cd225b0-2551-4582-b144-b3600001a8bc/0MK4067U__3015__P21__shad__fr.png?impolicy=OP_PDP,https://www.opsm.com.au/glasses/michael-kors/mk4067u-santa-clara/725125032285,www.opsm.com.au,retailer,1030x430
245,Michael Kors,Mk3051 Andalusia,optical frame,images/245_michael_kors_mk3051_andalusia.jpg,thumbs/245_michael_kors_mk3051_andalusia.jpg,https://assets2.opsm.com/prod-onecp-record-files/pieyewear/b328f2c2-1bb1-4d29-b938-b360016fd9f9/0MK3051__1014__STD__shad__fr.png?impolicy=OP_PDP,https://www.opsm.com.au/glasses/michael-kors/mk3051-andalusia/725125366106,www.opsm.com.au,retailer,1030x430
246,Michael Kors,Mk4076U Rome,optical frame,images/246_michael_kors_mk4076u_rome.jpg,thumbs/246_michael_kors_mk4076u_rome.jpg,https://assets2.opsm.com/prod-onecp-record-files/pieyewear/717d8ee9-fc69-4d3d-a5c3-b361010a0d42/0MK4076U__3344__STD__shad__fr.png?impolicy=OP_PDP,https://www.opsm.com.au/glasses/michael-kors/mk4076u-rome/725125380430,www.opsm.com.au,retailer,1030x430
247,Michael Kors,Mk4088 Sitka,optical frame,images/247_michael_kors_mk4088_sitka.jpg,thumbs/247_michael_kors_mk4088_sitka.jpg,https://assets2.opsm.com/prod-onecp-record-files/pieyewear/6484656b-f137-40dc-9206-b36100d72c3a/0MK4088__3099__STD__shad__fr.png?impolicy=OP_PDP,https://www.opsm.com.au/glasses/michael-kors/mk4088-sitka/725125375139,www.opsm.com.au,retailer,1030x430
248,Michael Kors,Mk4091 Palawan,optical frame,images/248_michael_kors_mk4091_palawan.jpg,thumbs/248_michael_kors_mk4091_palawan.jpg,https://assets2.opsm.com/prod-onecp-record-files/pieyewear/23625f1c-3a76-43ec-8bd2-b361010cdb28/0MK4091__3009__STD__shad__fr.png?impolicy=OP_PDP,https://www.opsm.com.au/glasses/michael-kors/mk4091-palawan/725125379724,www.opsm.com.au,retailer,1030x430
249,Michael Kors,Mk4094U Karlie I,optical frame,images/249_michael_kors_mk4094u_karlie_i.jpg,thumbs/249_michael_kors_mk4094u_karlie_i.jpg,https://assets2.opsm.com/prod-onecp-record-files/pieyewear/97221a3c-15d7-428c-950a-b36101485768/0MK4094U__3911__STD__shad__fr.png?impolicy=OP_Large,https://www.opsm.com.au/glasses/michael-kors/mk4094u-karlie-i/725125383530,www.opsm.com.au,retailer,2000x1000
250,Michael Kors,Mk4105Bu Georgetown,optical frame,images/250_michael_kors_mk4105bu_georgetown.jpg,thumbs/250_michael_kors_mk4105bu_georgetown.jpg,https://assets2.opsm.com/prod-onecp-record-files/pieyewear/9fd719b3-f3d7-4fe4-a4bb-b3620086932f/0MK4105BU__3999__P21__shad__fr.png?impolicy=OP_PDP,https://www.opsm.com.au/glasses/michael-kors/mk4105bu-georgetown/725125394758,www.opsm.com.au,retailer,1030x430
251,Michael Kors,Mk4104U Perth,optical frame,images/251_michael_kors_mk4104u_perth.jpg,thumbs/251_michael_kors_mk4104u_perth.jpg,https://assets2.opsm.com/prod-onecp-record-files/pieyewear/a015f4a2-828d-48be-92d5-b362007f944d/0MK4104U__3005__P21__shad__fr.png?impolicy=OP_PDP,https://www.opsm.com.au/glasses/michael-kors/mk4104u-perth/725125395519,www.opsm.com.au,retailer,1030x430
252,Michael Kors,Mk4106U Westport,optical frame,images/252_michael_kors_mk4106u_westport.jpg,thumbs/252_michael_kors_mk4106u_westport.jpg,https://assets2.opsm.com/prod-onecp-record-files/pieyewear/e0ec1563-ebee-40b6-9160-b362008083df/0MK4106U__3256__P21__shad__fr.png?impolicy=OP_PDP,https://www.opsm.com.au/glasses/michael-kors/mk4106u-westport/725125396257,www.opsm.com.au,retailer,1030x430
253,Michael Kors,Mk4058 Caracas,optical frame,images/253_michael_kors_mk4058_caracas.jpg,thumbs/253_michael_kors_mk4058_caracas.jpg,https://assets2.opsm.com/prod-onecp-record-files/pieyewear/e5f77c0a-46e3-41bc-9f30-b35f00e63e4a/0MK4058__3050__P21__shad__fr.png?impolicy=OP_Large,https://www.opsm.com.au/glasses/michael-kors/mk4058-caracas/725125000321,www.opsm.com.au,retailer,2000x1000
254,Michael Kors,Mk4115U Castello,optical frame,images/254_michael_kors_mk4115u_castello.jpg,thumbs/254_michael_kors_mk4115u_castello.jpg,https://assets2.opsm.com/prod-onecp-record-files/pieyewear/a5632203-0035-422c-8fe8-b362013d5be6/0MK4115U__3953__P21__shad__fr.png?impolicy=OP_PDP,https://www.opsm.com.au/glasses/michael-kors/mk4115u-castello/725125405799,www.opsm.com.au,retailer,1030x430
255,Michael Kors,Mk3070 Crested Butte,optical frame,images/255_michael_kors_mk3070_crested_butte.jpg,thumbs/255_michael_kors_mk3070_crested_butte.jpg,https://assets2.opsm.com/prod-onecp-record-files/pieyewear/9714b74f-cf5e-46e5-b070-b362013daf4f/0MK3070__1108__P21__shad__fr.png?impolicy=OP_PDP,https://www.opsm.com.au/glasses/michael-kors/mk3070-crested-butte/725125402804,www.opsm.com.au,retailer,1030x430
256,Michael Kors,Mk4110U Avila,optical frame,images/256_michael_kors_mk4110u_avila.jpg,thumbs/256_michael_kors_mk4110u_avila.jpg,https://assets2.opsm.com/prod-onecp-record-files/pieyewear/81fe8e67-61c8-48a4-a270-b362013dcd82/0MK4110U__3957__P21__shad__fr.png?impolicy=OP_PDP,https://www.opsm.com.au/glasses/michael-kors/mk4110u-avila/725125403320,www.opsm.com.au,retailer,1030x430
257,Michael Kors,Mk3085 Paris,optical frame,images/257_michael_kors_mk3085_paris.jpg,thumbs/257_michael_kors_mk3085_paris.jpg,https://assets2.opsm.com/prod-onecp-record-files/pieyewear/3168808b-01b2-4ac5-8322-b3630064c708/0MK3085__1902__P21__shad__fr.png?impolicy=OP_Large,https://www.opsm.com.au/glasses/michael-kors/mk3085-paris/725125523851,www.opsm.com.au,retailer,2000x1000
258,Moncler,ME1002,optical frame,images/258_moncler_me1002.jpg,thumbs/258_moncler_me1002.jpg,https://assets2.opsm.com/prod-onecp-record-files/pieyewear/e34c1e8c-feb4-493e-a848-b3a000daeef6/0ME1002__1007__P21__shad__fr.png?impolicy=OP_Large,https://www.opsm.com.au/glasses/moncler/me1002/8056262267592,www.opsm.com.au,retailer,2000x1000
259,Moncler,ME1003,optical frame,images/259_moncler_me1003.jpg,thumbs/259_moncler_me1003.jpg,https://assets2.opsm.com/prod-onecp-record-files/pieyewear/f384bbfe-adb0-4310-8baa-b3a000ddc61c/0ME1003__1006__P21__shad__fr.png?impolicy=OP_Large,https://www.opsm.com.au/glasses/moncler/me1003/8056262500149,www.opsm.com.au,retailer,2000x1000
260,Moncler,ME1004,optical frame,images/260_moncler_me1004.jpg,thumbs/260_moncler_me1004.jpg,https://assets2.opsm.com/prod-onecp-record-files/pieyewear/fe308157-59be-4023-ade2-b3a000dc3feb/0ME1004__1001__P21__shad__fr.png?impolicy=OP_PDP,https://www.opsm.com.au/glasses/moncler/me1004/8056262284735,www.opsm.com.au,retailer,1030x430
261,Moncler,ME3001,optical frame,images/261_moncler_me3001.jpg,thumbs/261_moncler_me3001.jpg,https://assets2.opsm.com/prod-onecp-record-files/pieyewear/b5fd0ff7-df3f-4b4f-a6d3-b3a000dc57b9/0ME3001__5001__P21__shad__fr.png?impolicy=OP_PDP,https://www.opsm.com.au/glasses/moncler/me3001/8056262500231,www.opsm.com.au,retailer,1030x430
262,Moncler,ME3002,optical frame,images/262_moncler_me3002.jpg,thumbs/262_moncler_me3002.jpg,https://assets2.opsm.com/prod-onecp-record-files/pieyewear/d96b95b2-c2f1-4c66-bda7-b39d01367e2b/0ME3002__5012__P21__shad__fr.png?impolicy=OP_PDP,https://www.opsm.com.au/glasses/moncler/me3002/8056262500347,www.opsm.com.au,retailer,1030x430
263,Moncler,ME3003,optical frame,images/263_moncler_me3003.jpg,thumbs/263_moncler_me3003.jpg,https://assets2.opsm.com/prod-onecp-record-files/pieyewear/7dec926b-b0c0-4c7c-b5d8-b3a000dc2edc/0ME3003__5011__P21__shad__fr.png?impolicy=OP_Large,https://www.opsm.com.au/glasses/moncler/me3003/8056262500378,www.opsm.com.au,retailer,2000x1000
264,Moncler,ME2002,optical frame,images/264_moncler_me2002.jpg,thumbs/264_moncler_me2002.jpg,https://assets2.opsm.com/prod-onecp-record-files/pieyewear/a82af7f5-ad43-4819-9378-b3a000dc3107/0ME2002__3001__P21__shad__fr.png?impolicy=OP_PDP,https://www.opsm.com.au/glasses/moncler/me2002/8056262255346,www.opsm.com.au,retailer,1030x430
265,Moncler,ME2003,optical frame,images/265_moncler_me2003.jpg,thumbs/265_moncler_me2003.jpg,https://assets2.opsm.com/prod-onecp-record-files/pieyewear/7c32fcd2-832b-491c-93c7-b39a00f705de/0ME2003__3008__P21__shad__fr.png?impolicy=OP_PDP,https://www.opsm.com.au/glasses/moncler/me2003/8056262255087,www.opsm.com.au,retailer,1030x430
266,Moncler,ME2004D,optical frame,images/266_moncler_me2004d.jpg,thumbs/266_moncler_me2004d.jpg,https://assets2.opsm.com/prod-onecp-record-files/pieyewear/5e323b1a-431d-4577-8512-b3a000de6144/0ME2004D__3003__P21__shad__fr.png?impolicy=OP_Large,https://www.opsm.com.au/glasses/moncler/me2004d/8056262256053,www.opsm.com.au,retailer,2000x1000
267,Moncler,ME2005,optical frame,images/267_moncler_me2005.jpg,thumbs/267_moncler_me2005.jpg,https://assets2.opsm.com/prod-onecp-record-files/pieyewear/404a65a1-0207-410c-9dc1-b39d01360216/0ME2005__3002__P21__shad__fr.png?impolicy=OP_Large,https://www.opsm.com.au/glasses/moncler/me2005/8056262256206,www.opsm.com.au,retailer,2000x1000
268,Moncler,ME2007,optical frame,images/268_moncler_me2007.jpg,thumbs/268_moncler_me2007.jpg,https://assets2.opsm.com/prod-onecp-record-files/pieyewear/8295aacc-0994-4081-bcc3-b3a100fe02ac/0ME2007__3010__P21__shad__fr.png?impolicy=OP_PDP,https://www.opsm.com.au/glasses/moncler/me2007/8056262282953,www.opsm.com.au,retailer,1030x430
269,Moncler,ME2012,optical frame,images/269_moncler_me2012.jpg,thumbs/269_moncler_me2012.jpg,https://assets2.opsm.com/prod-onecp-record-files/pieyewear/8d7ca762-fbe7-4460-a012-b3a100720e8b/0ME2012__3003__P21__shad__fr.png?impolicy=OP_Large,https://www.opsm.com.au/glasses/moncler/me2012/8056262448113,www.opsm.com.au,retailer,2000x1000
270,Moncler,ME2023,optical frame,images/270_moncler_me2023.jpg,thumbs/270_moncler_me2023.jpg,https://assets2.opsm.com/prod-onecp-record-files/pieyewear/45109457-cd22-4b00-8b93-b3a0015d0c1b/0ME2023__3001__P21__shad__fr.png?impolicy=OP_PDP,https://www.opsm.com.au/glasses/moncler/me2023/8056262518601,www.opsm.com.au,retailer,1030x430
271,Moncler,ME2025U,optical frame,images/271_moncler_me2025u.jpg,thumbs/271_moncler_me2025u.jpg,https://assets2.opsm.com/prod-onecp-record-files/pieyewear/41f5ed00-58a9-4e17-a67e-b37c00605dcf/0ME2025U__3001__P21__shad__fr.png?impolicy=OP_Large,https://www.opsm.com.au/glasses/moncler/me2025u/8056262757260,www.opsm.com.au,retailer,2000x1000
272,Polo Ralph Lauren,PH2262,optical frame,images/272_polo_ralph_lauren_ph2262.jpg,thumbs/272_polo_ralph_lauren_ph2262.jpg,https://assets2.opsm.com/prod-onecp-record-files/pieyewear/e0f8c31b-b510-4018-a747-b36200c785f3/0PH2262__6084__P21__shad__fr.png?impolicy=OP_Large,https://www.opsm.com.au/glasses/polo-ralph-lauren/ph2262/8056597825047,www.opsm.com.au,retailer,2000x1000
273,Polo Ralph Lauren,PH1147,optical frame,images/273_polo_ralph_lauren_ph1147.jpg,thumbs/273_polo_ralph_lauren_ph1147.jpg,https://assets2.opsm.com/prod-onecp-record-files/pieyewear/db6fa5f9-3bc2-44c5-ad35-b35d00e048e3/0PH1147__9038__P21__shad__fr.png?impolicy=OP_Large,https://www.opsm.com.au/glasses/polo-ralph-lauren/ph1147/8053672239300,www.opsm.com.au,retailer,2000x1000
274,Polo Ralph Lauren,PH1157,optical frame,images/274_polo_ralph_lauren_ph1157.jpg,thumbs/274_polo_ralph_lauren_ph1157.jpg,https://assets2.opsm.com/prod-onecp-record-files/pieyewear/847b45e7-d20b-4a29-aedd-b39e0027a995/0PH1157__9273__P21__shad__fr.png?impolicy=OP_PDP,https://www.opsm.com.au/glasses/polo-ralph-lauren/ph1157/8056262455937,www.opsm.com.au,retailer,1030x430
275,Polo Ralph Lauren,PH1164,optical frame,images/275_polo_ralph_lauren_ph1164.jpg,thumbs/275_polo_ralph_lauren_ph1164.jpg,https://assets2.opsm.com/prod-onecp-record-files/pieyewear/2901348b-cd62-40c2-bf66-b35e012425ab/0PH1164__9157__P21__shad__fr.png?impolicy=OP_Large,https://www.opsm.com.au/glasses/polo-ralph-lauren/ph1164/8053672599824,www.opsm.com.au,retailer,2000x1000
276,Polo Ralph Lauren,PH1190,optical frame,images/276_polo_ralph_lauren_ph1190.jpg,thumbs/276_polo_ralph_lauren_ph1190.jpg,https://assets2.opsm.com/prod-onecp-record-files/pieyewear/9fb7b877-88b9-4264-8bdb-b3600000e903/0PH1190__9303__P21__shad__fr.png?impolicy=OP_PDP,https://www.opsm.com.au/glasses/polo-ralph-lauren/ph1190/8056597050616,www.opsm.com.au,retailer,1030x430
277,Polo Ralph Lauren,PH2083,optical frame,images/277_polo_ralph_lauren_ph2083.jpg,thumbs/277_polo_ralph_lauren_ph2083.jpg,https://assets2.opsm.com/prod-onecp-record-files/pieyewear/db5c7b8d-d26d-47fe-b984-b35e015aa023/0PH2083__5276__P21__shad__fr.png?impolicy=OP_Large,https://www.opsm.com.au/glasses/polo-ralph-lauren/ph2083/8053672675245,www.opsm.com.au,retailer,2000x1000
278,Polo Ralph Lauren,PH2117,optical frame,images/278_polo_ralph_lauren_ph2117.jpg,thumbs/278_polo_ralph_lauren_ph2117.jpg,https://assets2.opsm.com/prod-onecp-record-files/pieyewear/89094780-b0a2-4d3b-a97f-b35c013272b4/0PH2117__5470__P21__shad__fr.png?impolicy=OP_Large,https://www.opsm.com.au/glasses/polo-ralph-lauren/ph2117/8053672240061,www.opsm.com.au,retailer,2000x1000
279,Polo Ralph Lauren,PH2123,optical frame,images/279_polo_ralph_lauren_ph2123.jpg,thumbs/279_polo_ralph_lauren_ph2123.jpg,https://assets2.opsm.com/prod-onecp-record-files/pieyewear/ec6a0ccd-ef76-4ee9-80e7-b35f004a6659/0PH2123__5536__P21__shad__fr.png?impolicy=OP_Large,https://www.opsm.com.au/glasses/polo-ralph-lauren/ph2123/8056597165297,www.opsm.com.au,retailer,2000x1000
280,Polo Ralph Lauren,PH2126,optical frame,images/280_polo_ralph_lauren_ph2126.jpg,thumbs/280_polo_ralph_lauren_ph2126.jpg,https://assets2.opsm.com/prod-onecp-record-files/pieyewear/d08150ff-66bf-4f60-8188-b363001752b9/0PH2126__5763__P21__shad__fr.png?impolicy=OP_PDP,https://www.opsm.com.au/glasses/polo-ralph-lauren/ph2126/8056262050804,www.opsm.com.au,retailer,1030x430
281,Polo Ralph Lauren,PH2212,optical frame,images/281_polo_ralph_lauren_ph2212.jpg,thumbs/281_polo_ralph_lauren_ph2212.jpg,https://assets2.opsm.com/prod-onecp-record-files/pieyewear/370b09cf-6a33-461c-b11c-b36300172ffc/0PH2212__5504__P21__shad__fr.png?impolicy=OP_Large,https://www.opsm.com.au/glasses/polo-ralph-lauren/ph2212/8056262050798,www.opsm.com.au,retailer,2000x1000
282,Polo Ralph Lauren,PP8036,optical frame,images/282_polo_ralph_lauren_pp8036.jpg,thumbs/282_polo_ralph_lauren_pp8036.jpg,https://assets2.opsm.com/prod-onecp-record-files/pieyewear/6838cf09-f29c-4742-8ea5-b35f014e7631/0PP8036__9370__P21__shad__fr.png?impolicy=OP_PDP,https://www.opsm.com.au/glasses/polo-ralph-lauren/pp8036/8056597004084,www.opsm.com.au,retailer,1030x430
283,Polo Ralph Lauren,PH2218,optical frame,images/283_polo_ralph_lauren_ph2218.jpg,thumbs/283_polo_ralph_lauren_ph2218.jpg,https://assets2.opsm.com/prod-onecp-record-files/pieyewear/8c8252ea-621b-492f-8096-b36000a2e8d1/0PH2218__5003__P21__shad__fr.png?impolicy=OP_Large,https://www.opsm.com.au/glasses/polo-ralph-lauren/ph2218/8056597162579,www.opsm.com.au,retailer,2000x1000
284,Polo Ralph Lauren,PP8541,optical frame,images/284_polo_ralph_lauren_pp8541.jpg,thumbs/284_polo_ralph_lauren_pp8541.jpg,https://assets2.opsm.com/prod-onecp-record-files/pieyewear/dd9893a2-56b9-4c57-b5b6-b36100043ad5/0PP8541__5001__STD__shad__fr.png?impolicy=OP_PDP,https://www.opsm.com.au/glasses/polo-ralph-lauren/pp8541/8056597424288,www.opsm.com.au,retailer,1030x430
285,Polo Ralph Lauren,PH2237U,optical frame,images/285_polo_ralph_lauren_ph2237u.jpg,thumbs/285_polo_ralph_lauren_ph2237u.jpg,https://assets2.opsm.com/prod-onecp-record-files/pieyewear/db62715e-caac-407b-a4a9-b35900c5b90b/0PH2237U__5755__P21__shad__fr.png?impolicy=OP_Large,https://www.opsm.com.au/glasses/polo-ralph-lauren/ph2237u/8056262481455,www.opsm.com.au,retailer,2000x1000
286,Polo Ralph Lauren,PH1175,optical frame,images/286_polo_ralph_lauren_ph1175.jpg,thumbs/286_polo_ralph_lauren_ph1175.jpg,https://assets2.opsm.com/prod-onecp-record-files/pieyewear/d91b1c08-e5cf-4163-8103-b35900be1a79/0PH1175__9119__P21__shad__fr.png?impolicy=OP_PDP,https://www.opsm.com.au/glasses/polo-ralph-lauren/ph1175/8053672756111,www.opsm.com.au,retailer,1030x430
287,Polo Ralph Lauren,PH1215,optical frame,images/287_polo_ralph_lauren_ph1215.jpg,thumbs/287_polo_ralph_lauren_ph1215.jpg,https://assets2.opsm.com/prod-onecp-record-files/pieyewear/ceb51f78-b5ca-4389-b393-b3630018a19b/0PH1215__9215__P21__shad__fr.png?impolicy=OP_Large,https://www.opsm.com.au/glasses/polo-ralph-lauren/ph1215/8056262049716,www.opsm.com.au,retailer,2000x1000
288,Ralph,RA7134,optical frame,images/288_ralph_ra7134.jpg,thumbs/288_ralph_ra7134.jpg,https://assets2.opsm.com/prod-onecp-record-files/pieyewear/bf8171e9-f219-4e77-a944-b361009e6d4e/0RA7134__5989__STD__shad__fr.png?impolicy=OP_PDP,https://www.opsm.com.au/glasses/ralph/ra7134/8056597497015,www.opsm.com.au,retailer,1030x430
289,Ralph,RA7138U,optical frame,images/289_ralph_ra7138u.jpg,thumbs/289_ralph_ra7138u.jpg,https://assets2.opsm.com/prod-onecp-record-files/pieyewear/c0dc4b81-eecf-4529-b765-b361013a5652/0RA7138U__6006__STD__shad__fr.png?impolicy=OP_PDP,https://www.opsm.com.au/glasses/ralph/ra7138u/8056597607506,www.opsm.com.au,retailer,1030x430
290,Ralph,RA7039,optical frame,images/290_ralph_ra7039.jpg,thumbs/290_ralph_ra7039.jpg,https://assets2.opsm.com/prod-onecp-record-files/pieyewear/5426f009-81d7-4f29-ad22-b3700106b7ac/0RA7039__6073__P21__shad__fr.png?impolicy=OP_PDP,https://www.opsm.com.au/glasses/ralph/ra7039/8056597810265,www.opsm.com.au,retailer,1030x430
291,Ralph,RA7044,optical frame,images/291_ralph_ra7044.jpg,thumbs/291_ralph_ra7044.jpg,https://assets2.opsm.com/prod-onecp-record-files/pieyewear/3280acf7-d1e0-4ffc-a0f7-b35d0127aa79/0RA7044__601__P21__shad__fr.png?impolicy=OP_Large,https://www.opsm.com.au/glasses/ralph/ra7044/8053672321852,www.opsm.com.au,retailer,2000x1000
292,Ralph,RA7071,optical frame,images/292_ralph_ra7071.jpg,thumbs/292_ralph_ra7071.jpg,https://assets2.opsm.com/prod-onecp-record-files/pieyewear/4e781b72-ba0c-41ec-9139-b370010a19da/0RA7071__6136__P21__shad__fr.png?impolicy=OP_PDP,https://www.opsm.com.au/glasses/ralph/ra7071/8056597909914,www.opsm.com.au,retailer,1030x430
293,Ralph,RA7137U,optical frame,images/293_ralph_ra7137u.jpg,thumbs/293_ralph_ra7137u.jpg,https://assets2.opsm.com/prod-onecp-record-files/pieyewear/0d07e414-b337-4db4-9852-b3700108966d/0RA7137U__6124__P21__shad__fr.png?impolicy=OP_Large,https://www.opsm.com.au/glasses/ralph/ra7137u/8056597918664,www.opsm.com.au,retailer,2000x1000
294,Ralph,RA7146,optical frame,images/294_ralph_ra7146.jpg,thumbs/294_ralph_ra7146.jpg,https://assets2.opsm.com/prod-onecp-record-files/pieyewear/85d05914-0025-422b-9aa9-b370010a348e/0RA7146__5003__P21__shad__fr.png?impolicy=OP_PDP,https://www.opsm.com.au/glasses/ralph/ra7146/8056597698894,www.opsm.com.au,retailer,1030x430
295,Ralph,RA7151,optical frame,images/295_ralph_ra7151.jpg,thumbs/295_ralph_ra7151.jpg,https://assets2.opsm.com/prod-onecp-record-files/pieyewear/d3ed7715-e89a-4f40-919e-b362005f9a91/0RA7151__6058__P21__shad__fr.png?impolicy=OP_Large,https://www.opsm.com.au/glasses/ralph/ra7151/8056597806787,www.opsm.com.au,retailer,2000x1000
296,Ralph,RA6055,optical frame,images/296_ralph_ra6055.jpg,thumbs/296_ralph_ra6055.jpg,https://assets2.opsm.com/prod-onecp-record-files/pieyewear/0442d609-3270-46b3-8f0b-b36200b67cb4/0RA6055__9452__P21__shad__fr.png?impolicy=OP_Large,https://www.opsm.com.au/glasses/ralph/ra6055/8056597809535,www.opsm.com.au,retailer,2000x1000
297,Ralph,RA7147,optical frame,images/297_ralph_ra7147.jpg,thumbs/297_ralph_ra7147.jpg,https://assets2.opsm.com/prod-onecp-record-files/pieyewear/4c002af3-24bb-4293-b232-b3700107ed9b/0RA7147__5001__P21__shad__fr.png?impolicy=OP_Large,https://www.opsm.com.au/glasses/ralph/ra7147/8056597821209,www.opsm.com.au,retailer,2000x1000
298,Ralph,RA6057,optical frame,images/298_ralph_ra6057.jpg,thumbs/298_ralph_ra6057.jpg,https://assets2.opsm.com/prod-onecp-record-files/pieyewear/eb24acd5-32ee-4bab-95d4-b362013fb8d3/0RA6057__9462__P21__shad__fr.png?impolicy=OP_PDP,https://www.opsm.com.au/glasses/ralph/ra6057/8056597903813,www.opsm.com.au,retailer,1030x430
299,Ralph,RA7154U,optical frame,images/299_ralph_ra7154u.jpg,thumbs/299_ralph_ra7154u.jpg,https://assets2.opsm.com/prod-onecp-record-files/pieyewear/53b22874-2339-4dd2-b454-b3620140213b/0RA7154U__6144__P21__shad__fr.png?impolicy=OP_Large,https://www.opsm.com.au/glasses/ralph/ra7154u/8056597934503,www.opsm.com.au,retailer,2000x1000
300,Ralph,RA7158U,optical frame,images/300_ralph_ra7158u.jpg,thumbs/300_ralph_ra7158u.jpg,https://assets2.opsm.com/prod-onecp-record-files/pieyewear/6c1270f9-14a4-436e-9cf7-b370010ca915/0RA7158U__6210__P21__shad__fr.png?impolicy=OP_PDP,https://www.opsm.com.au/glasses/ralph/ra7158u/8056262195581,www.opsm.com.au,retailer,1030x430
301,Gentle Monster,Kant 01(BR),Gentle Monster recommended optical frame,images/301_gentle_monster_kant_01_br.jpg,thumbs/301_gentle_monster_kant_01_br.jpg,https://gm-prd-resource.gentlemonster.com/catalog/product/0MKYDKCMFG24F/4b816dac-6134-4ac6-8df7-9c4daf1e0433/11004762_FRONT.jpg?width=1400,https://www.gentlemonster.com/kr/ja/item/ZYYE799SURVC/zin01,www.gentlemonster.com,official,1400x1400
302,Gentle Monster,Kant 01(BL),Gentle Monster recommended optical frame,images/302_gentle_monster_kant_01_bl.jpg,thumbs/302_gentle_monster_kant_01_bl.jpg,https://gm-prd-resource.gentlemonster.com/catalog/product/0MKYDKCNQG254/c5ea583f-cdc6-4a4b-b886-b49935be1f2a/11004761_FRONT.jpg?width=1400,https://www.gentlemonster.com/kr/ja/item/ZYYE799SURVC/zin01,www.gentlemonster.com,official,1400x1400
303,Gentle Monster,Kafka 01(BL),Gentle Monster recommended optical frame,images/303_gentle_monster_kafka_01_bl.jpg,thumbs/303_gentle_monster_kafka_01_bl.jpg,https://gm-prd-resource.gentlemonster.com/catalog/product/0MKYDKCPKG261/a19c6f18-11d5-47fe-86da-83c0760241c1/11004765_FRONT.jpg?width=1400,https://www.gentlemonster.com/kr/ja/item/ZYYE799SURVC/zin01,www.gentlemonster.com,official,1400x1400
304,Gentle Monster,Kafka 01,Gentle Monster recommended optical frame,images/304_gentle_monster_kafka_01.jpg,thumbs/304_gentle_monster_kafka_01.jpg,https://gm-prd-resource.gentlemonster.com/catalog/product/0MKYDKCP7G27S/1082e32f-901a-4ee9-ae37-83a8296c1f36/11004764_FRONT.jpg?width=1400,https://www.gentlemonster.com/kr/ja/item/ZYYE799SURVC/zin01,www.gentlemonster.com,official,1400x1400
305,Gentle Monster,Kant 01,Gentle Monster recommended optical frame,images/305_gentle_monster_kant_01.jpg,thumbs/305_gentle_monster_kant_01.jpg,https://gm-prd-resource.gentlemonster.com/catalog/product/0MKYDKCKKG25Q/1d5ebf61-ae4f-4806-9695-59920462068f/11004760_FRONT.jpg?width=1400,https://www.gentlemonster.com/kr/ja/item/ZYYE799SURVC/zin01,www.gentlemonster.com,official,1400x1400
306,Gentle Monster,Kafka 01(V),Gentle Monster recommended optical frame,images/306_gentle_monster_kafka_01_v.jpg,thumbs/306_gentle_monster_kafka_01_v.jpg,https://gm-prd-resource.gentlemonster.com/catalog/product/0N1DWYKKTPKP5/0195930d-add5-409a-b803-1ad81af347ab/11004891_FRONT.jpg?width=1400,https://www.gentlemonster.com/kr/ja/item/ZYYE799SURVC/zin01,www.gentlemonster.com,official,1400x1400
307,Gentle Monster,Era 01,Gentle Monster recommended optical frame,images/307_gentle_monster_era_01.jpg,thumbs/307_gentle_monster_era_01.jpg,https://gm-prd-resource.gentlemonster.com/catalog/product/UPBHR4XT3LJM/e404594c-4226-427b-893a-27c0d13ab437/11003979_FRONT.jpg?width=1400,https://www.gentlemonster.com/kr/ja/item/ZYYE799SURVC/zin01,www.gentlemonster.com,official,1400x1400
308,Gentle Monster,Gatta 01(C),Gentle Monster recommended optical frame,images/308_gentle_monster_gatta_01_c.jpg,thumbs/308_gentle_monster_gatta_01_c.jpg,https://gm-prd-resource.gentlemonster.com/catalog/product/J9Y3PS62AGY4/3a4ffab1-6f8d-47c5-89ab-e2fa201630f4/11003346_FRONT.jpg?width=1400,https://www.gentlemonster.com/kr/ja/item/ZYYE799SURVC/zin01,www.gentlemonster.com,official,1400x1400
309,Gentle Monster,Ego 01(B),Gentle Monster recommended optical frame,images/309_gentle_monster_ego_01_b.jpg,thumbs/309_gentle_monster_ego_01_b.jpg,https://gm-prd-resource.gentlemonster.com/catalog/product/FH6WIB671U9U/a7a473ce-7a72-4f5f-bbbd-699863fd0dc8/11003327_FRONT.jpg?width=1400,https://www.gentlemonster.com/kr/ja/item/ZYYE799SURVC/zin01,www.gentlemonster.com,official,1400x1400
310,Gentle Monster,Beca 01,Gentle Monster recommended optical frame,images/310_gentle_monster_beca_01.jpg,thumbs/310_gentle_monster_beca_01.jpg,https://gm-prd-resource.gentlemonster.com/catalog/product/XOWH2RVEDE35/4f575522-c8e2-493f-9f85-8418f02b131b/11003170_FRONT.jpg?width=1400,https://www.gentlemonster.com/kr/ja/item/ZYYE799SURVC/zin01,www.gentlemonster.com,official,1400x1400
311,Gentle Monster,Rob 01,Gentle Monster recommended optical frame,images/311_gentle_monster_rob_01.jpg,thumbs/311_gentle_monster_rob_01.jpg,https://gm-prd-resource.gentlemonster.com/catalog/product/W676ZS9QWS8B/9bda9389-714b-474a-a563-e6e6518bd8c5/11003135_FRONT.jpg?width=1400,https://www.gentlemonster.com/kr/ja/item/ZYYE799SURVC/zin01,www.gentlemonster.com,official,1400x1400
312,Gentle Monster,Alio X 01,Gentle Monster recommended optical frame,images/312_gentle_monster_alio_x_01.jpg,thumbs/312_gentle_monster_alio_x_01.jpg,https://gm-prd-resource.gentlemonster.com/catalog/product/8NX8YBQ7JSZW/f4c33300-7f43-4366-8bed-2cf28e642d76/11000032_FRONT.jpg?width=1400,https://www.gentlemonster.com/kr/ja/item/ZYYE799SURVC/zin01,www.gentlemonster.com,official,1400x1400
313,LINDBERG,Strip Titanium,ultra-light titanium / minimal optical frame,images/313_lindberg_strip_titanium.jpg,thumbs/313_lindberg_strip_titanium.jpg,https://cdn.lindberg.com/media/cqbjhm43/lindberg-9760-207-p.png,https://lindberg.com/en/collections/strip-titanium,lindberg.com,phase2,3200x1820
314,LINDBERG,Strip Titanium 2,ultra-light titanium / minimal optical frame,images/314_lindberg_strip_titanium_2.jpg,thumbs/314_lindberg_strip_titanium_2.jpg,https://cdn.lindberg.com/media/gobdzbbv/lindberg-9556-215-p.png,https://lindberg.com/en/collections/strip-titanium,lindberg.com,phase2,3200x1820
315,LINDBERG,Spirit,ultra-light titanium / minimal optical frame,images/315_lindberg_spirit.jpg,thumbs/315_lindberg_spirit.jpg,https://cdn.lindberg.com/media/daeazgnt/2264.png,https://lindberg.com/de/kollektionen/spirit,lindberg.com,phase2,3200x1821
316,LINDBERG,Rim,ultra-light titanium / minimal optical frame,images/316_lindberg_rim.jpg,thumbs/316_lindberg_rim.jpg,https://cdn.lindberg.com/media/wtjhf3a0/r_fevan_a.jpg,https://lindberg.com/en/collections/rim,lindberg.com,phase2,3840x2160
317,LINDBERG,Air,ultra-light titanium / minimal optical frame,images/317_lindberg_air.jpg,thumbs/317_lindberg_air.jpg,https://cdn.lindberg.com/media/pu0lfsoh/a_356_10_c.png,https://lindberg.com/en/collections/air,lindberg.com,phase2,1920x1177
318,LINDBERG,Air 2,ultra-light titanium / minimal optical frame,images/318_lindberg_air_2.jpg,thumbs/318_lindberg_air_2.jpg,https://cdn.lindberg.com/media/uiuil4al/a_m356_b_4k.jpg,https://lindberg.com/en/collections/air,lindberg.com,phase2,3840x2160
319,LINDBERG,Rim 2,ultra-light titanium / minimal optical frame,images/319_lindberg_rim_2.jpg,thumbs/319_lindberg_rim_2.jpg,https://cdn.lindberg.com/media/wfploauv/p30.png,https://lindberg.com/de/kollektionen/rim,lindberg.com,phase2,1600x910
320,LINDBERG,Djlmntcmikgrie,ultra-light titanium / minimal optical frame,images/320_lindberg_djlmntcmikgrie.jpg,thumbs/320_lindberg_djlmntcmikgrie.jpg,https://cdn.lindberg.com/media/ui1onuch/esben-rim_basic-u12.png,https://storage.googleapis.com/djlmntcmikgrie/lindberg-air-titanium-rim-catalog.html,storage.googleapis.com,phase2,3200x1820
321,EYEVAN,Model 340Rx,Japanese classic optical frame,images/321_eyevan_model_340rx.jpg,thumbs/321_eyevan_model_340rx.jpg,http://eyevan7285.com/wp-content/uploads/2021/04/EV340-340-43-124-081.jpg,http://eyevan7285.com/collection/model-340rx/,eyevan7285.com,phase2,4823x1654
322,EYEVAN,Model 643,Japanese classic optical frame,images/322_eyevan_model_643.jpg,thumbs/322_eyevan_model_643.jpg,http://eyevan7285.com/wp-content/uploads/2020/11/643-100801-0330.jpg,http://eyevan7285.com/collection/model-643/,eyevan7285.com,phase2,4823x1654
323,EYEVAN,Model 1015 2,Japanese classic optical frame,images/323_eyevan_model_1015_2.jpg,thumbs/323_eyevan_model_1015_2.jpg,https://eyevan7285.com/wp-content/uploads/2025/11/a3c3fbb74228b9e00f44aebd33201ef2.jpg,https://eyevan7285.com/collection/model-1015-2/,eyevan7285.com,phase2,4824x1654
324,EYEVAN,Model 17047,Japanese classic optical frame,images/324_eyevan_model_17047.jpg,thumbs/324_eyevan_model_17047.jpg,http://eyevan7285.com/wp-content/uploads/2020/11/170-802902-0278.jpg,http://eyevan7285.com/collection/model-17047/,eyevan7285.com,phase2,4823x1654
325,EYEVAN,Model 190,Japanese classic optical frame,images/325_eyevan_model_190.jpg,thumbs/325_eyevan_model_190.jpg,https://eyevan7285.com/wp-content/uploads/2023/09/190-48-901173-2.jpg,https://eyevan7285.com/en/collection/model-190/,eyevan7285.com,phase2,4824x1654
326,EYEVAN,Model 185 2,Japanese classic optical frame,images/326_eyevan_model_185_2.jpg,thumbs/326_eyevan_model_185_2.jpg,https://eyevan7285.com/wp-content/uploads/2022/05/185-46-902-0104.jpg,https://eyevan7285.com/en/collection/model-185-2/,eyevan7285.com,phase2,4823x1654
327,EYEVAN,Model 1009 2,Japanese classic optical frame,images/327_eyevan_model_1009_2.jpg,thumbs/327_eyevan_model_1009_2.jpg,https://eyevan7285.com/wp-content/uploads/2025/05/1009-45-901-0465.jpg,https://eyevan7285.com/collection/model-1009-2/,eyevan7285.com,phase2,4824x1654
328,EYEVAN,Model538,Japanese classic optical frame,images/328_eyevan_model538.jpg,thumbs/328_eyevan_model538.jpg,https://eyevan7285.com/wp-content/uploads/2016/09/538_9018_0976.jpg,https://eyevan7285.com/collection/model538/,eyevan7285.com,phase2,2000x680
330,DITA,Sequoia,premium titanium / acetate optical frame,images/330_dita_sequoia.jpg,thumbs/330_dita_sequoia.jpg,https://dita.com/cdn/shop/products/SEQUOIA_DRX-2086-A-BLK-54-FRONT_50c45ad1-62fa-4d10-baf3-48671c70a3fb.jpg?v=1645834432,https://dita.com/products/sequoia-optical,dita.com,official,1440x920
331,DITA,Grand Emperik,premium titanium / acetate optical frame,images/331_dita_grand_emperik.jpg,thumbs/331_dita_grand_emperik.jpg,https://dita.com/cdn/shop/products/GRAND-EMPERIK_DTX159-A-01_Front-Edit_893164e0-b258-42d8-968a-de100f09aad4.jpg?v=1678092559,https://dita.com/products/grand-emperik-optical,dita.com,official,1440x920
332,DITA,Mastix,premium titanium / acetate optical frame,images/332_dita_mastix.jpg,thumbs/332_dita_mastix.jpg,https://dita.com/cdn/shop/products/MASTIX_DTX712-A-01_Front_580a7b49-dc6e-48c6-8d43-22b47d814189.jpg?v=1645834570,https://dita.com/products/mastix-optical,dita.com,official,1440x920
333,DITA,Statesman Three,premium titanium / acetate optical frame,images/333_dita_statesman_three.jpg,thumbs/333_dita_statesman_three.jpg,https://dita.com/cdn/shop/products/STATESMANTHREE_DRX-2064-A-BLK-SLV-52_Front_8cba116d-35ef-4979-b7b0-20333b279965.jpg?v=1645834463,https://dita.com/products/statesman-three,dita.com,official,1440x920
334,DITA,Artoa 79,premium titanium / acetate optical frame,images/334_dita_artoa_79.jpg,thumbs/334_dita_artoa_79.jpg,https://dita.com/cdn/shop/products/ARTOA.79_DTX161-A-01_Front-Edit-2_32df19c5-fdfe-4f18-bbf8-dbca497f80cc.jpg?v=1678199202,https://dita.com/products/artoa-79-optical,dita.com,official,1440x920
335,DITA,Schema Two,premium titanium / acetate optical frame,images/335_dita_schema_two.jpg,thumbs/335_dita_schema_two.jpg,https://dita.com/cdn/shop/products/SCHEMA-TWO_DTX131-49-01_Front_8d3a5a78-c488-4a9b-83c5-560ef947711a.jpg?v=1645834417,https://dita.com/products/schema-two,dita.com,official,1440x920
336,DITA,Statesman Six,premium titanium / acetate optical frame,images/336_dita_statesman_six.jpg,thumbs/336_dita_statesman_six.jpg,https://dita.com/cdn/shop/products/STATESMANSIX_DTX132-52-01_Front_e3f7332d-5999-4712-8629-ff7ebd0f5776.jpg?v=1645834458,https://dita.com/products/statesman-six,dita.com,official,1440x920
337,DITA,Lotova,premium titanium / acetate optical frame,images/337_dita_lotova.jpg,thumbs/337_dita_lotova.jpg,https://dita.com/cdn/shop/products/LOTOVA_DTX432-A-01_front.jpg?v=1678403256,https://dita.com/products/lotova-optical,dita.com,official,1440x920
338,MYKITA,Dorsa Chilled Raw Taupe Pearl 10300403,screwless / lightweight industrial optical frame,images/338_mykita_dorsa_chilled_raw_taupe_pearl_10300403.jpg,thumbs/338_mykita_dorsa_chilled_raw_taupe_pearl_10300403.jpg,https://mykitamedia.com/media/image/ri-s5/extra/1x/10300403-p-2.jpg,https://mykita.com/en/prescription-glasses/mykita-acetate/dorsa/dorsa-c227-chilled-raw-taupe-pearl-clear-10300403,mykita.com,official,1800x1200
339,MYKITA,Roscoe Storm Grey 10300562,screwless / lightweight industrial optical frame,images/339_mykita_roscoe_storm_grey_10300562.jpg,thumbs/339_mykita_roscoe_storm_grey_10300562.jpg,https://mykitamedia.com/media/image/ri-s5/extra/1x/10300562-p-2.jpg,https://mykita.com/en/prescription-glasses/lessrim/roscoe/roscoe-storm-grey-shiny-silver-clear-10300562,mykita.com,official,1800x1200
340,MYKITA,Heath Champagne 10301034,screwless / lightweight industrial optical frame,images/340_mykita_heath_champagne_10301034.jpg,thumbs/340_mykita_heath_champagne_10301034.jpg,https://mykitamedia.com/media/image/ri-s5/extra/1x/10301034-p-2.jpg,https://mykita.com/en/prescription-glasses/lessrim/heath/heath-champagne-gold-clear-10301034,mykita.com,official,1800x1200
341,MYKITA,Isla Champagne 10300982,screwless / lightweight industrial optical frame,images/341_mykita_isla_champagne_10300982.jpg,thumbs/341_mykita_isla_champagne_10300982.jpg,https://mykitamedia.com/media/image/ri-s5/extra/1x/10300982-p-2.jpg,https://mykita.com/en/prescription-glasses/lite/isla/isla-champagne-gold-clear-10300982,mykita.com,official,1800x1200
342,MYKITA,Maral Santiago Gradient Gra 10300330,screwless / lightweight industrial optical frame,images/342_mykita_maral_santiago_gradient_gra_10300330.jpg,thumbs/342_mykita_maral_santiago_gradient_gra_10300330.jpg,https://mykitamedia.com/media/image/ri-s5/extra/1x/10300330-p-2.jpg,https://mykita.com/en/prescription-glasses/lite/maral/maral-c9-santiago-gradient-shiny-gra-clear-10300330,mykita.com,official,1800x1200
343,MYKITA,Mondo Pow14 Neon Pink 10300990,screwless / lightweight industrial optical frame,images/343_mykita_mondo_pow14_neon_pink_10300990.jpg,thumbs/343_mykita_mondo_pow14_neon_pink_10300990.jpg,https://mykitamedia.com/media/image/ri-s5/extra/1x/10300990-p-2.jpg,https://mykita.com/en/prescription-glasses/lite/mondo/mondo-pow14-neon-pink-clear-10300990,mykita.com,official,1800x1200
344,MYKITA,Tosca Pow14 Neon Pink 10300513,screwless / lightweight industrial optical frame,images/344_mykita_tosca_pow14_neon_pink_10300513.jpg,thumbs/344_mykita_tosca_pow14_neon_pink_10300513.jpg,https://mykitamedia.com/media/image/ri-s5/extra/1x/10300513-p-2.jpg,https://mykita.com/en/prescription-glasses/lite/tosca/tosca-pow14-neon-pink-clear-10300513,mykita.com,official,1800x1200
345,MYKITA,Alba Indigo 10300939,screwless / lightweight industrial optical frame,images/345_mykita_alba_indigo_10300939.jpg,thumbs/345_mykita_alba_indigo_10300939.jpg,https://mykitamedia.com/media/image/ri-s5/extra/1x/10300939-p-2.jpg,https://mykita.com/en/prescription-glasses/decades/alba/alba-black-indigo-clear-10300939,mykita.com,official,1800x1200
347,Matsuda,M3165,Japanese detailed metal / acetate optical frame,images/347_matsuda_m3165.jpg,thumbs/347_matsuda_m3165.jpg,https://www.matsuda.com/cdn/shop/files/a3e9ee5fe76dcb562dc297d0c6e4a536.jpg?v=1778539161&width=1400,https://www.matsuda.com/collections/optical,www.matsuda.com,official,1400x583
348,Matsuda,M3166,Japanese detailed metal / acetate optical frame,images/348_matsuda_m3166.jpg,thumbs/348_matsuda_m3166.jpg,https://www.matsuda.com/cdn/shop/files/959f59aedd6d8468e4a5b684805cf041.jpg?v=1778598958&width=1400,https://www.matsuda.com/collections/optical,www.matsuda.com,official,1400x583
349,Matsuda,M5009,Japanese detailed metal / acetate optical frame,images/349_matsuda_m5009.jpg,thumbs/349_matsuda_m5009.jpg,https://www.matsuda.com/cdn/shop/files/eb8d1f704e451c7596ae9df9a7ecfb8b.jpg?v=1776805265&width=1400,https://www.matsuda.com/collections/optical,www.matsuda.com,official,1400x471
350,Matsuda,M3163,Japanese detailed metal / acetate optical frame,images/350_matsuda_m3163.jpg,thumbs/350_matsuda_m3163.jpg,https://www.matsuda.com/cdn/shop/files/matsuda-eyewear-m3163-ag-53-front_0aeec585-a302-4bdf-abdc-b2e9392b2ad9.jpg?v=1770672993&width=1400,https://www.matsuda.com/collections/optical,www.matsuda.com,official,1400x583
351,Matsuda,M1041,Japanese detailed metal / acetate optical frame,images/351_matsuda_m1041.jpg,thumbs/351_matsuda_m1041.jpg,https://www.matsuda.com/cdn/shop/files/3417ec9f562b5216caaf8377558ded1c.jpg?v=1774299502&width=1400,https://www.matsuda.com/collections/optical,www.matsuda.com,official,1400x583
352,Matsuda,M3150,Japanese detailed metal / acetate optical frame,images/352_matsuda_m3150.jpg,thumbs/352_matsuda_m3150.jpg,https://www.matsuda.com/cdn/shop/files/dfff6baf1e0180825e7490051678fd20.jpg?v=1763066359&width=1400,https://www.matsuda.com/collections/optical,www.matsuda.com,official,1400x556
353,Matsuda,M3149,Japanese detailed metal / acetate optical frame,images/353_matsuda_m3149.jpg,thumbs/353_matsuda_m3149.jpg,https://www.matsuda.com/cdn/shop/files/0c27d2b9d7ae905b3873a6a3cb96a336.jpg?v=1763061022&width=1400,https://www.matsuda.com/collections/optical,www.matsuda.com,official,1400x583
354,Warby Parker,Poston Midnight Matte,mainstream DTC optical frame,images/354_warby_parker_poston_midnight_matte.jpg,thumbs/354_warby_parker_poston_midnight_matte.jpg,https://i.warbycdn.com/s/c/3fc24614c80ce49d8bd669f23e424a9f5e3220f0?quality=80&width=3840,https://www.warbyparker.com/eyeglasses,i.warbycdn.com,official,3500x1187
355,Warby Parker,Denman Rye Tortoise Matte,mainstream DTC optical frame,images/355_warby_parker_denman_rye_tortoise_matte.jpg,thumbs/355_warby_parker_denman_rye_tortoise_matte.jpg,https://i.warbycdn.com/s/c/84aee7ef70b4b4c8e3865ff91c75fa3c2f88a2e2?quality=80&width=3840,https://www.warbyparker.com/eyeglasses,i.warbycdn.com,official,3500x1177
356,Warby Parker,Ernie Shore Pine Matte,mainstream DTC optical frame,images/356_warby_parker_ernie_shore_pine_matte.jpg,thumbs/356_warby_parker_ernie_shore_pine_matte.jpg,https://i.warbycdn.com/s/c/891f234ccea59882b0e0a7f6dacabbe7c24176b4?quality=80&width=3840,https://www.warbyparker.com/eyeglasses,i.warbycdn.com,official,3500x1024
357,Warby Parker,Marvin Rye Tortoise,mainstream DTC optical frame,images/357_warby_parker_marvin_rye_tortoise.jpg,thumbs/357_warby_parker_marvin_rye_tortoise.jpg,https://i.warbycdn.com/s/c/0b3f2a56c2130a791e9abe9af6299016647c784d?quality=80&width=3840,https://www.warbyparker.com/eyeglasses,i.warbycdn.com,official,3500x1149
358,Warby Parker,Amaya Saddle Tortoise,mainstream DTC optical frame,images/358_warby_parker_amaya_saddle_tortoise.jpg,thumbs/358_warby_parker_amaya_saddle_tortoise.jpg,https://i.warbycdn.com/s/c/2c0897bd6485b3bc5e00608092b78e0fba9a7bcf?quality=80&width=3840,https://www.warbyparker.com/eyeglasses,i.warbycdn.com,official,3500x1124
359,Warby Parker,Carlton Amalfi Tortoise,mainstream DTC optical frame,images/359_warby_parker_carlton_amalfi_tortoise.jpg,thumbs/359_warby_parker_carlton_amalfi_tortoise.jpg,https://i.warbycdn.com/s/c/d0790ce515e9f2bfb1b1178dccf605ea69d0adca?quality=80&width=3840,https://www.warbyparker.com/eyeglasses,i.warbycdn.com,official,3500x1237
360,Warby Parker,Hayden Seaweed Crystal Matte,mainstream DTC optical frame,images/360_warby_parker_hayden_seaweed_crystal_matte.jpg,thumbs/360_warby_parker_hayden_seaweed_crystal_matte.jpg,https://i.warbycdn.com/s/c/dcd533c1a522e964795ac82c2d5fb98f876183f0?quality=80&width=3840,https://www.warbyparker.com/eyeglasses,i.warbycdn.com,official,3500x1132
361,Warby Parker,Wilkie Black Matte Eclipse,mainstream DTC optical frame,images/361_warby_parker_wilkie_black_matte_eclipse.jpg,thumbs/361_warby_parker_wilkie_black_matte_eclipse.jpg,https://i.warbycdn.com/s/c/392aa5615b28164947d08e27bbaff34931d44234?quality=80&width=3840,https://www.warbyparker.com/eyeglasses,i.warbycdn.com,official,3500x1083
362,Jacques Marie Mage,Ichikawa Opt Noir X,bold sculpted acetate optical frame,images/362_jacques_marie_mage_ichikawa_opt_noir_x.jpg,thumbs/362_jacques_marie_mage_ichikawa_opt_noir_x.jpg,https://images.miaburton.com/2026/jacques-marie-mage-ichikawa-opt-noir-x.jpg,https://miaburton.com/en/eyeglasses/jacques-marie-mage,images.miaburton.com,phase2-manual,1200x1200
363,Jacques Marie Mage,Domoto Opt Black,bold sculpted acetate optical frame,images/363_jacques_marie_mage_domoto_opt_black.jpg,thumbs/363_jacques_marie_mage_domoto_opt_black.jpg,https://images.miaburton.com/2026/jacques-marie-mage-domoto-opt-black.jpg,https://miaburton.com/en/eyeglasses/jacques-marie-mage,images.miaburton.com,phase2-manual,1200x1200
364,Jacques Marie Mage,Dealan 53 Opt Breccia,bold sculpted acetate optical frame,images/364_jacques_marie_mage_dealan_53_opt_breccia.jpg,thumbs/364_jacques_marie_mage_dealan_53_opt_breccia.jpg,https://images.miaburton.com/2026/jacques-marie-mage-dealan-53-opt-breccia.jpg,https://miaburton.com/en/eyeglasses/jacques-marie-mage,images.miaburton.com,phase2-manual,1200x1200
365,Jacques Marie Mage,Moscova Opt London,bold sculpted acetate optical frame,images/365_jacques_marie_mage_moscova_opt_london.jpg,thumbs/365_jacques_marie_mage_moscova_opt_london.jpg,https://images.miaburton.com/2026/jacques-marie-mage-moscova-opt-london.jpg,https://miaburton.com/en/eyeglasses/jacques-marie-mage,images.miaburton.com,phase2-manual,1200x1200
366,Jacques Marie Mage,Hartigan Argyle,bold sculpted acetate optical frame,images/366_jacques_marie_mage_hartigan_argyle.jpg,thumbs/366_jacques_marie_mage_hartigan_argyle.jpg,https://images.miaburton.com/2026/jacques-marie-mage-hartigan-argyle.jpg,https://miaburton.com/en/eyeglasses/jacques-marie-mage,images.miaburton.com,phase2-manual,1200x1200
367,Jacques Marie Mage,Jax Opt Etnia,bold sculpted acetate optical frame,images/367_jacques_marie_mage_jax_opt_etnia.jpg,thumbs/367_jacques_marie_mage_jax_opt_etnia.jpg,https://images.miaburton.com/2026/jacques-marie-mage-jax-opt-etnia.jpg,https://miaburton.com/en/eyeglasses/jacques-marie-mage,images.miaburton.com,phase2-manual,1200x1200
368,Jacques Marie Mage,Hartigan Opt Phantom,bold sculpted acetate optical frame,images/368_jacques_marie_mage_hartigan_opt_phantom.jpg,thumbs/368_jacques_marie_mage_hartigan_opt_phantom.jpg,https://images.miaburton.com/2026/jacques-marie-mage-hartigan-opt-phantom.jpg,https://miaburton.com/en/eyeglasses/jacques-marie-mage,images.miaburton.com,phase2-manual,1200x1200
369,Jacques Marie Mage,Clark Opt Phantom,bold sculpted acetate optical frame,images/369_jacques_marie_mage_clark_opt_phantom.jpg,thumbs/369_jacques_marie_mage_clark_opt_phantom.jpg,https://images.miaburton.com/2026/jacques-marie-mage-clark-opt-phantom.jpg,https://miaburton.com/en/eyeglasses/jacques-marie-mage,images.miaburton.com,phase2-manual,1200x1200
370,Silhouette,Titan Minimal Art Stellar NL,rimless lightweight optical frame,images/370_silhouette_titan_minimal_art_stellar_nl.jpg,thumbs/370_silhouette_titan_minimal_art_stellar_nl.jpg,https://www.eurooptica.com/cdn/shop/files/titan-minimal-art-stellar-nl-9040-00_1024x1024.jpg?v=1705001802,https://www.eurooptica.com/products/silhouette-r-titan-minimal-art-stellar-nl,www.eurooptica.com,phase2-manual,1024x512
371,Matsuda,M2066,Japanese detailed metal / acetate optical frame,images/371_matsuda_m2066.jpg,thumbs/371_matsuda_m2066.jpg,https://www.matsuda.com/cdn/shop/files/162e2f7b6cd7b0e8b63f25fcab27976f.jpg?v=1763060833&width=1400,https://www.matsuda.com/collections/optical,www.matsuda.com,official,1400x583
372,PROJEKT PRODUKT,SC17 C1PG【Pre-order Now】,Korean contemporary optical frame,images/372_projekt_produkt_sc17_c1pg_pre_order_now.jpg,thumbs/372_projekt_produkt_sc17_c1pg_pre_order_now.jpg,https://www.blackzmith.com/cdn/shop/products/SC17_C1PG_1400x1400.jpg?v=1610439689,https://www.blackzmith.com/collections/projekt-produkt-sc17-sc18,www.blackzmith.com,phase2-page,1400x1400
373,PROJEKT PRODUKT,SC17 C1WG【New】,Korean contemporary optical frame,images/373_projekt_produkt_sc17_c1wg_new.jpg,thumbs/373_projekt_produkt_sc17_c1wg_new.jpg,https://www.blackzmith.com/cdn/shop/products/SC17_C01WG_1_1400x1400.jpg?v=1593740557,https://www.blackzmith.com/collections/projekt-produkt-sc17-sc18,www.blackzmith.com,phase2-page,1400x1089
374,PROJEKT PRODUKT,SC17 C02PG【New】,Korean contemporary optical frame,images/374_projekt_produkt_sc17_c02pg_new.jpg,thumbs/374_projekt_produkt_sc17_c02pg_new.jpg,https://www.blackzmith.com/cdn/shop/products/SC17_C02PG_m_m_BH_s_1_1400x1400.jpg?v=1652953731,https://www.blackzmith.com/collections/projekt-produkt-sc17-sc18,www.blackzmith.com,phase2-page,1200x1200
375,PROJEKT PRODUKT,SC18 C0PG【Pre-order Now】,Korean contemporary optical frame,images/375_projekt_produkt_sc18_c0pg_pre_order_now.jpg,thumbs/375_projekt_produkt_sc18_c0pg_pre_order_now.jpg,https://www.blackzmith.com/cdn/shop/products/SC18-C0PG_Kara_1_1400x1400.jpg?v=1618798812,https://www.blackzmith.com/collections/projekt-produkt-sc17-sc18,www.blackzmith.com,phase2-page,1200x1200
376,PROJEKT PRODUKT,SC18 C1PG,Korean contemporary optical frame,images/376_projekt_produkt_sc18_c1pg.jpg,thumbs/376_projekt_produkt_sc18_c1pg.jpg,https://www.blackzmith.com/cdn/shop/products/SC18_C1PG_1_1400x1400.jpg?v=1585041913,https://www.blackzmith.com/collections/projekt-produkt-sc17-sc18,www.blackzmith.com,phase2-page,1400x1089
377,PROJEKT PRODUKT,SC18 C1WG【New】,Korean contemporary optical frame,images/377_projekt_produkt_sc18_c1wg_new.jpg,thumbs/377_projekt_produkt_sc18_c1wg_new.jpg,https://www.blackzmith.com/cdn/shop/products/SC18C1WG_LEEJUYEON_S_1400x1400.jpg?v=1618798824,https://www.blackzmith.com/collections/projekt-produkt-sc17-sc18,www.blackzmith.com,phase2-page,1205x1205
378,LASH,Jack C1,Korean acetate / metal optical frame,images/378_lash_l_type_jack_c1_39414.jpg,thumbs/378_lash_l_type_jack_c1_39414.jpg,https://totalsun.co.kr/web/product/big/202606/a53fabf81083a7b4f52b0696e49a7bd1.jpg,https://totalsun.co.kr/product/래쉬-잭-l-type-jack-c1/39414/category/117/display/1/,totalsun.co.kr,phase2-page,1200x1200
379,LASH,Jack C3,Korean acetate / metal optical frame,images/379_lash_l_type_jack_c3_39413.jpg,thumbs/379_lash_l_type_jack_c3_39413.jpg,https://totalsun.co.kr/web/product/big/202606/7acb06b7bea8a891c4935653c60d42fc.jpg,https://totalsun.co.kr/product/래쉬-잭-l-type-jack-c3/39413/category/117/display/1/,totalsun.co.kr,phase2-page,1200x1200
380,LASH,August C1,Korean acetate / metal optical frame,images/380_lash_a_type_august_c1_51_39136.jpg,thumbs/380_lash_a_type_august_c1_51_39136.jpg,https://totalsun.co.kr/web/product/big/202604/a12ebeae0beaad41ce6dd0e902ba668f.jpg,https://totalsun.co.kr/product/도착보장-래쉬-어거스트-a-type-august-c1-51/39136/category/117/display/1/,totalsun.co.kr,phase2-page,1200x1200
381,LASH,August C2,Korean acetate / metal optical frame,images/381_lash_a_type_august_c2_51_39135.jpg,thumbs/381_lash_a_type_august_c2_51_39135.jpg,https://totalsun.co.kr/web/product/big/202604/128e5873be478fd824726d002d608ef4.jpg,https://totalsun.co.kr/product/도착보장-래쉬-어거스트-a-type-august-c2-51/39135/category/117/display/1/,totalsun.co.kr,phase2-page,1200x1200
382,LASH,August C3,Korean acetate / metal optical frame,images/382_lash_a_type_august_c3_51_39134.jpg,thumbs/382_lash_a_type_august_c3_51_39134.jpg,https://totalsun.co.kr/web/product/big/202604/14ded99536833391e233b551fcc443ae.jpg,https://totalsun.co.kr/product/도착보장-래쉬-어거스트-a-type-august-c3-51/39134/category/117/display/1/,totalsun.co.kr,phase2-page,1200x1200
383,LASH,August C4,Korean acetate / metal optical frame,images/383_lash_a_type_august_c4_51_39133.jpg,thumbs/383_lash_a_type_august_c4_51_39133.jpg,https://totalsun.co.kr/web/product/big/202604/21ea64fbdbd43705772df5e38497d872.jpg,https://totalsun.co.kr/product/도착보장-래쉬-어거스트-a-type-august-c4-51/39133/category/117/display/1/,totalsun.co.kr,phase2-page,1200x1200
384,ic! berlin,VAYU GUNMETAL - BLACK MATT,screwless sheet-metal optical frame,images/384_ic_berlin_vayu_gunmetal_black_matt.jpg,thumbs/384_ic_berlin_vayu_gunmetal_black_matt.jpg,https://images.miaburton.com/2024/ic-berlin-vayu-gunmetal-black-matt.jpg,https://miaburton.com/en/eyeglasses/ic-berlin,images.miaburton.com,retailer-front,1200x1200
385,ic! berlin,KARA GRAPHITE-TAUBENBLAU,screwless sheet-metal optical frame,images/385_ic_berlin_kara_graphite_taubenblau.jpg,thumbs/385_ic_berlin_kara_graphite_taubenblau.jpg,https://images.miaburton.com/2024/ic-berlin-kara-graphite-taubenblau.jpg,https://miaburton.com/en/eyeglasses/ic-berlin,images.miaburton.com,retailer-front,1200x1200
386,ic! berlin,EVELYN BLUE - SHINY GRAPHITE,screwless sheet-metal optical frame,images/386_ic_berlin_evelyn_blue_shiny_graphite.jpg,thumbs/386_ic_berlin_evelyn_blue_shiny_graphite.jpg,https://images.miaburton.com/2024/ic-berlin-evelyn-blue-shiny-graphite.jpg,https://miaburton.com/en/eyeglasses/ic-berlin,images.miaburton.com,retailer-front,1200x1200
387,ic! berlin,GEOFFREY ECOGREY MATT,screwless sheet-metal optical frame,images/387_ic_berlin_geoffrey_ecogrey_matt.jpg,thumbs/387_ic_berlin_geoffrey_ecogrey_matt.jpg,https://images.miaburton.com/2024/ic-berlin-geoffrey-ecogrey-matt.jpg,https://miaburton.com/en/eyeglasses/ic-berlin,images.miaburton.com,retailer-front,1200x1200
388,ic! berlin,ARI MARINE - BLUE - PEARL POP,screwless sheet-metal optical frame,images/388_ic_berlin_ari_marine_blue_pearl_pop.jpg,thumbs/388_ic_berlin_ari_marine_blue_pearl_pop.jpg,https://images.miaburton.com/2024/ic-berlin-ari-marine-blue-pearl-pop.jpg,https://miaburton.com/en/eyeglasses/ic-berlin,images.miaburton.com,retailer-front,1200x1200
389,ic! berlin,OSMIUM ROSE - GOLD - BLACK,screwless sheet-metal optical frame,images/389_ic_berlin_osmium_rose_gold_black.jpg,thumbs/389_ic_berlin_osmium_rose_gold_black.jpg,https://images.miaburton.com/2024/ic-berlin-osmium-rose-gold-black.jpg,https://miaburton.com/en/eyeglasses/ic-berlin,images.miaburton.com,retailer-front,1200x1200
390,KameManNen,1233 TS/LG silver/light gold,small round Japanese heritage metal optical frame,images/390_kamemannen_1233_ts_lg_silver_light_gold.jpg,thumbs/390_kamemannen_1233_ts_lg_silver_light_gold.jpg,https://images.miaburton.com/2026/kamemannen-1233-ts-lg.jpg,https://miaburton.com/en/eyeglasses/kamemannen,images.miaburton.com,retailer-front,1200x1200
391,KameManNen,1235 AG/RG antique gold/ rose gold,small round Japanese heritage metal optical frame,images/391_kamemannen_1235_ag_rg_antique_gold_rose_gold.jpg,thumbs/391_kamemannen_1235_ag_rg_antique_gold_rose_gold.jpg,https://images.miaburton.com/2026/kamemannen-1235-ag-rg.jpg,https://miaburton.com/en/eyeglasses/kamemannen,images.miaburton.com,retailer-front,1200x1200
392,KameManNen,99 TSH,small round Japanese heritage metal optical frame,images/392_kamemannen_99_tsh.jpg,thumbs/392_kamemannen_99_tsh.jpg,https://images.miaburton.com/2025/kamemannen-99-tsh.jpg,https://miaburton.com/en/eyeglasses/kamemannen,images.miaburton.com,retailer-front,1200x1200
393,KameManNen,9916 GD,small round Japanese heritage metal optical frame,images/393_kamemannen_9916_gd.jpg,thumbs/393_kamemannen_9916_gd.jpg,https://images.miaburton.com/2025/kamemannen-9916-gd.jpg,https://miaburton.com/en/eyeglasses/kamemannen,images.miaburton.com,retailer-front,1200x1200
394,KameManNen,152 GD,small round Japanese heritage metal optical frame,images/394_kamemannen_152_gd.jpg,thumbs/394_kamemannen_152_gd.jpg,https://images.miaburton.com/2026/kamemannen-152-gd.jpg,https://miaburton.com/en/eyeglasses/kamemannen,images.miaburton.com,retailer-front,1200x1200
395,KameManNen,3003 MBK,small round Japanese heritage metal optical frame,images/395_kamemannen_3003_mbk.jpg,thumbs/395_kamemannen_3003_mbk.jpg,https://images.miaburton.com/2025/00538215798.jpg,https://miaburton.com/en/eyeglasses/kamemannen,images.miaburton.com,retailer-front,1200x1200
396,Silhouette,PURE VISIONARY 7000 clear rhodium,rimless lightweight optical frame,images/396_silhouette_pure_visionary_7000_clear_rhodium.jpg,thumbs/396_silhouette_pure_visionary_7000_clear_rhodium.jpg,https://images.miaburton.com/2026/00538238333.jpg,https://miaburton.com/en/eyeglasses/silhouette,images.miaburton.com,retailer-front,1200x1200
397,Silhouette,1619 4040 lavender gradient,rimless lightweight optical frame,images/397_silhouette_1619_4040_lavender_gradient.jpg,thumbs/397_silhouette_1619_4040_lavender_gradient.jpg,https://images.miaburton.com/2026/silhouette-silhouette-1619-4040-lavender-gradient-00-538228316.jpg,https://miaburton.com/en/eyeglasses/silhouette,images.miaburton.com,retailer-front,1200x1200
398,Silhouette,TITAN MINIMAL ART STELLAR 3040 galaxy red,rimless lightweight optical frame,images/398_silhouette_titan_minimal_art_stellar_3040_galaxy_red.jpg,thumbs/398_silhouette_titan_minimal_art_stellar_3040_galaxy_red.jpg,https://images.miaburton.com/2026/silhouette-titan-minimal-art-stellar-5599-hd-3040.jpg,https://miaburton.com/en/eyeglasses/silhouette,images.miaburton.com,retailer-front,1200x1200
399,Silhouette,TITAN MINIMAL ART STELLAR 8540 nebula taupe,rimless lightweight optical frame,images/399_silhouette_titan_minimal_art_stellar_8540_nebula_taupe.jpg,thumbs/399_silhouette_titan_minimal_art_stellar_8540_nebula_taupe.jpg,https://images.miaburton.com/2026/silhouette-titan-minimal-art-stellar-5599-hy-8540.jpg,https://miaburton.com/en/eyeglasses/silhouette,images.miaburton.com,retailer-front,1200x1200
400,Silhouette,TITAN MINIMAL ART STELLAR 2540 lava orange,rimless lightweight optical frame,images/400_silhouette_titan_minimal_art_stellar_2540_lava_orange.jpg,thumbs/400_silhouette_titan_minimal_art_stellar_2540_lava_orange.jpg,https://images.miaburton.com/2026/silhouette-titan-minimal-art-stellar-5599-ml-2540.jpg,https://miaburton.com/en/eyeglasses/silhouette,images.miaburton.com,retailer-front,1200x1200
401,Tom Ford,FT5629-B 052 dark havana,commercial luxury optical frame,images/401_tom_ford_ft5629_b_052_dark_havana.jpg,thumbs/401_tom_ford_ft5629_b_052_dark_havana.jpg,https://images.miaburton.com/2021/tom-ford-ft5629-b-052.jpg,https://miaburton.com/en/eyeglasses/tom-ford,images.miaburton.com,retailer-front,1200x1200
402,Tom Ford,FT5958-B 001 shiny black,commercial luxury optical frame,images/402_tom_ford_ft5958_b_001_shiny_black.jpg,thumbs/402_tom_ford_ft5958_b_001_shiny_black.jpg,https://images.miaburton.com/2024/tom-ford-ft5958-b-001.jpg,https://miaburton.com/en/eyeglasses/tom-ford,images.miaburton.com,retailer-front,1200x1200
403,Tom Ford,FT5913-B 052 dark havana,commercial luxury optical frame,images/403_tom_ford_ft5913_b_052_dark_havana.jpg,thumbs/403_tom_ford_ft5913_b_052_dark_havana.jpg,https://images.miaburton.com/2024/tom-ford-ft5913-b-052.jpg,https://miaburton.com/en/eyeglasses/tom-ford,images.miaburton.com,retailer-front,1200x1200
404,Tom Ford,FT5987-B 001 shiny black,commercial luxury optical frame,images/404_tom_ford_ft5987_b_001_shiny_black.jpg,thumbs/404_tom_ford_ft5987_b_001_shiny_black.jpg,https://images.miaburton.com/2024/tom-ford-ft5987-b-001.jpg,https://miaburton.com/en/eyeglasses/tom-ford,images.miaburton.com,retailer-front,1200x1200
405,Tom Ford,FT6059-B 056 havana,commercial luxury optical frame,images/405_tom_ford_ft6059_b_056_havana.jpg,thumbs/405_tom_ford_ft6059_b_056_havana.jpg,https://images.miaburton.com/2025/tom-ford-ft6059-b-056.jpg,https://miaburton.com/en/eyeglasses/tom-ford,images.miaburton.com,retailer-front,1200x1200
406,Gucci,GG2083O 001 black,fashion-forward acetate / metal optical frame,images/406_gucci_gg2083o_001_black.jpg,thumbs/406_gucci_gg2083o_001_black.jpg,https://images.miaburton.com/2026/gucci-gg2083o-001.jpg,https://miaburton.com/en/eyeglasses/gucci,images.miaburton.com,retailer-front,1200x1200
407,Gucci,GG2034O 001 black,fashion-forward acetate / metal optical frame,images/407_gucci_gg2034o_001_black.jpg,thumbs/407_gucci_gg2034o_001_black.jpg,https://images.miaburton.com/2026/gucci-gg2034o-001.jpg,https://miaburton.com/en/eyeglasses/gucci,images.miaburton.com,retailer-front,1200x1200
408,Gucci,GG1221O 001 gold,fashion-forward acetate / metal optical frame,images/408_gucci_gg1221o_001_gold.jpg,thumbs/408_gucci_gg1221o_001_gold.jpg,https://images.miaburton.com/2025/gucci-gg1221o-001.jpg,https://miaburton.com/en/eyeglasses/gucci,images.miaburton.com,retailer-front,1200x1200
409,Gucci,GG2154O 002 gold,fashion-forward acetate / metal optical frame,images/409_gucci_gg2154o_002_gold.jpg,thumbs/409_gucci_gg2154o_002_gold.jpg,https://images.miaburton.com/2026/gucci-gg2154o-002.jpg,https://miaburton.com/en/eyeglasses/gucci,images.miaburton.com,retailer-front,1200x1200
410,Gucci,GG2141OK 002 black,fashion-forward acetate / metal optical frame,images/410_gucci_gg2141ok_002_black.jpg,thumbs/410_gucci_gg2141ok_002_black.jpg,https://images.miaburton.com/2026/gucci-gg2141ok-002.jpg,https://miaburton.com/en/eyeglasses/gucci,images.miaburton.com,retailer-front,1200x1200
411,Saint Laurent,BETTY THIN 001 black,restrained luxury optical frame,images/411_saint_laurent_betty_thin_001_black.jpg,thumbs/411_saint_laurent_betty_thin_001_black.jpg,https://images.miaburton.com/2026/saint-laurent-betty-thin-sl-890-opt-001.jpg,https://miaburton.com/en/eyeglasses/saint-laurent,images.miaburton.com,retailer-front,1200x1200
412,Saint Laurent,CLASSIC 11 YSL 002 silver,restrained luxury optical frame,images/412_saint_laurent_classic_11_ysl_002_silver.jpg,thumbs/412_saint_laurent_classic_11_ysl_002_silver.jpg,https://images.miaburton.com/2024/saint-laurent-classic-11-ysl-002.jpg,https://miaburton.com/en/eyeglasses/saint-laurent,images.miaburton.com,retailer-front,1200x1200
413,Saint Laurent,SL M158 001 black,restrained luxury optical frame,images/413_saint_laurent_sl_m158_001_black.jpg,thumbs/413_saint_laurent_sl_m158_001_black.jpg,https://images.miaburton.com/2026/saint-laurent-sl-m158-001.jpg,https://miaburton.com/en/eyeglasses/saint-laurent,images.miaburton.com,retailer-front,1200x1200
414,Saint Laurent,SL M97 001 black,restrained luxury optical frame,images/414_saint_laurent_sl_m97_001_black.jpg,thumbs/414_saint_laurent_sl_m97_001_black.jpg,https://images.miaburton.com/2021/saint-laurent-sl-m97-001.jpg,https://miaburton.com/en/eyeglasses/saint-laurent,images.miaburton.com,retailer-front,1200x1200
415,Saint Laurent,SL M163 001 black,restrained luxury optical frame,images/415_saint_laurent_sl_m163_001_black.jpg,thumbs/415_saint_laurent_sl_m163_001_black.jpg,https://images.miaburton.com/2026/saint-laurent-sl-m163-001.jpg,https://miaburton.com/en/eyeglasses/saint-laurent,images.miaburton.com,retailer-front,1200x1200
426,Cartier,CT0633O 001 black,jewelry-like luxury optical frame,images/426_cartier_ct0633o_001_black.jpg,thumbs/426_cartier_ct0633o_001_black.jpg,https://images.miaburton.com/2026/cartier-ct0633o-001.jpg,https://miaburton.com/en/eyeglasses/cartier,images.miaburton.com,retailer-front,1200x1200
427,Cartier,CT0568O 001 gold,jewelry-like luxury optical frame,images/427_cartier_ct0568o_001_gold.jpg,thumbs/427_cartier_ct0568o_001_gold.jpg,https://images.miaburton.com/2025/cartier-ct0568o-001.jpg,https://miaburton.com/en/eyeglasses/cartier,images.miaburton.com,retailer-front,1200x1200
428,Cartier,CT0600O 001 gold,jewelry-like luxury optical frame,images/428_cartier_ct0600o_001_gold.jpg,thumbs/428_cartier_ct0600o_001_gold.jpg,https://images.miaburton.com/2025/cartier-ct0600o-001.jpg,https://miaburton.com/en/eyeglasses/cartier,images.miaburton.com,retailer-front,1200x1200
429,Cartier,CT0561OA 002 silver,jewelry-like luxury optical frame,images/429_cartier_ct0561oa_002_silver.jpg,thumbs/429_cartier_ct0561oa_002_silver.jpg,https://images.miaburton.com/2025/cartier-ct0561oa-002.jpg,https://miaburton.com/en/eyeglasses/cartier,images.miaburton.com,retailer-front,1200x1200
430,Cartier,CT0446O 002 silver,jewelry-like luxury optical frame,images/430_cartier_ct0446o_002_silver.jpg,thumbs/430_cartier_ct0446o_002_silver.jpg,https://images.miaburton.com/2023/cartier-ct0446o-002.jpg,https://miaburton.com/en/eyeglasses/cartier,images.miaburton.com,retailer-front,1200x1200
431,Balenciaga,BB0500O 005 beige,extreme fashion optical frame,images/431_balenciaga_bb0500o_005_beige.jpg,thumbs/431_balenciaga_bb0500o_005_beige.jpg,https://images.miaburton.com/2026/balenciaga-bb0500o-005.jpg,https://miaburton.com/en/eyeglasses/balenciaga,images.miaburton.com,retailer-front,1200x1200
432,Balenciaga,BB0370O 002 havana,extreme fashion optical frame,images/432_balenciaga_bb0370o_002_havana.jpg,thumbs/432_balenciaga_bb0370o_002_havana.jpg,https://images.miaburton.com/2024/balenciaga-bb0370o-002.jpg,https://miaburton.com/en/eyeglasses/balenciaga,images.miaburton.com,retailer-front,1200x1200
433,Balenciaga,BB0452O 001 gunmetal,extreme fashion optical frame,images/433_balenciaga_bb0452o_001_gunmetal.jpg,thumbs/433_balenciaga_bb0452o_001_gunmetal.jpg,https://images.miaburton.com/2025/balenciaga-bb0452o-001.jpg,https://miaburton.com/en/eyeglasses/balenciaga,images.miaburton.com,retailer-front,1200x1200
434,Balenciaga,BB0449O 001 black,extreme fashion optical frame,images/434_balenciaga_bb0449o_001_black.jpg,thumbs/434_balenciaga_bb0449o_001_black.jpg,https://images.miaburton.com/2025/balenciaga-bb0449o-001.jpg,https://miaburton.com/en/eyeglasses/balenciaga,images.miaburton.com,retailer-front,1200x1200
435,Balenciaga,BB0437O 008 havana,extreme fashion optical frame,images/435_balenciaga_bb0437o_008_havana.jpg,thumbs/435_balenciaga_bb0437o_008_havana.jpg,https://images.miaburton.com/2025/balenciaga-bb0437o-008.jpg,https://miaburton.com/en/eyeglasses/balenciaga,images.miaburton.com,retailer-front,1200x1200
436,Bottega Veneta,BV1404OA 005 black,quiet luxury optical frame,images/436_bottega_veneta_bv1404oa_005_black.jpg,thumbs/436_bottega_veneta_bv1404oa_005_black.jpg,https://images.miaburton.com/2025/bottega-veneta-bv1404oa-005.jpg,https://miaburton.com/en/eyeglasses/bottega-veneta,images.miaburton.com,retailer-front,1200x1200
437,Bottega Veneta,BV1229OA 006 brown,quiet luxury optical frame,images/437_bottega_veneta_bv1229oa_006_brown.jpg,thumbs/437_bottega_veneta_bv1229oa_006_brown.jpg,https://images.miaburton.com/2025/bottega-veneta-bv1229oa-006.jpg,https://miaburton.com/en/eyeglasses/bottega-veneta,images.miaburton.com,retailer-front,1200x1200
438,Bottega Veneta,BV1316O 002 havana,quiet luxury optical frame,images/438_bottega_veneta_bv1316o_002_havana.jpg,thumbs/438_bottega_veneta_bv1316o_002_havana.jpg,https://images.miaburton.com/2024/bottega-veneta-bv1316o-002.jpg,https://miaburton.com/en/eyeglasses/bottega-veneta,images.miaburton.com,retailer-front,1200x1200
439,Bottega Veneta,BV1361O 005 black,quiet luxury optical frame,images/439_bottega_veneta_bv1361o_005_black.jpg,thumbs/439_bottega_veneta_bv1361o_005_black.jpg,https://images.miaburton.com/2025/bottega-veneta-bv1361o-005.jpg,https://miaburton.com/en/eyeglasses/bottega-veneta,images.miaburton.com,retailer-front,1200x1200
440,Bottega Veneta,BV1426OA 002 silver,quiet luxury optical frame,images/440_bottega_veneta_bv1426oa_002_silver.jpg,thumbs/440_bottega_veneta_bv1426oa_002_silver.jpg,https://images.miaburton.com/2025/bottega-veneta-bv1426oa-002.jpg,https://miaburton.com/en/eyeglasses/bottega-veneta,images.miaburton.com,retailer-front,1200x1200
447,Garrett Leight,CARINA BK black,Californian daily classic optical frame,images/447_garrett_leight_carina_bk_black.jpg,thumbs/447_garrett_leight_carina_bk_black.jpg,https://images.miaburton.com/2025/garrett-leight-carina-bk.jpg,https://miaburton.com/en/eyeglasses/garrett-leight,images.miaburton.com,retailer-front,1200x1200
448,Garrett Leight,GALLOWAY SSTF sandstone fade,Californian daily classic optical frame,images/448_garrett_leight_galloway_sstf_sandstone_fade.jpg,thumbs/448_garrett_leight_galloway_sstf_sandstone_fade.jpg,https://images.miaburton.com/2026/garrett-leight-galloway-sstf.jpg,https://miaburton.com/en/eyeglasses/garrett-leight,images.miaburton.com,retailer-front,1200x1200
449,Garrett Leight,HAMPTON X SPBRNSH spotted brown shell,Californian daily classic optical frame,images/449_garrett_leight_hampton_x_spbrnsh_spotted_brown_shell.jpg,thumbs/449_garrett_leight_hampton_x_spbrnsh_spotted_brown_shell.jpg,https://images.miaburton.com/2025/garrett-leight-hampton-x-spbrnsh.jpg,https://miaburton.com/en/eyeglasses/garrett-leight,images.miaburton.com,retailer-front,1200x1200
450,Garrett Leight,MORNINGSIDE SASTM sandstorm,Californian daily classic optical frame,images/450_garrett_leight_morningside_sastm_sandstorm.jpg,thumbs/450_garrett_leight_morningside_sastm_sandstorm.jpg,https://images.miaburton.com/2024/garrett-leight-morningside-sastm.jpg,https://miaburton.com/en/eyeglasses/garrett-leight,images.miaburton.com,retailer-front,1200x1200
451,Garrett Leight,SHERWOOD DGFR douglas fir,Californian daily classic optical frame,images/451_garrett_leight_sherwood_dgfr_douglas_fir.jpg,thumbs/451_garrett_leight_sherwood_dgfr_douglas_fir.jpg,https://images.miaburton.com/2024/garrett-leight-sherwood-dgfr.jpg,https://miaburton.com/en/eyeglasses/garrett-leight,images.miaburton.com,retailer-front,1200x1200
452,Garrett Leight,HOWLAND C caramel,Californian daily classic optical frame,images/452_garrett_leight_howland_c_caramel.jpg,thumbs/452_garrett_leight_howland_c_caramel.jpg,https://images.miaburton.com/2023/garrett-leight-howland-c.jpg,https://miaburton.com/en/eyeglasses/garrett-leight,images.miaburton.com,retailer-front,1200x1200
455,Cutler and Gross,0847 08 black on vintage havana,thick acetate heritage optical frame,images/455_cutler_and_gross_0847_08_black_on_vintage_havana.jpg,thumbs/455_cutler_and_gross_0847_08_black_on_vintage_havana.jpg,https://images.miaburton.com/2026/cutler-and-gross-0847-08.jpg,https://miaburton.com/en/eyeglasses/cutler-and-gross,images.miaburton.com,retailer-front,1200x1200
456,Cutler and Gross,9386 02 dark turtle,thick acetate heritage optical frame,images/456_cutler_and_gross_9386_02_dark_turtle.jpg,thumbs/456_cutler_and_gross_9386_02_dark_turtle.jpg,https://images.miaburton.com/2026/cutler-and-gross-9386-opt-02.jpg,https://miaburton.com/en/eyeglasses/cutler-and-gross,images.miaburton.com,retailer-front,1200x1200
457,Cutler and Gross,1433 01 black,thick acetate heritage optical frame,images/457_cutler_and_gross_1433_01_black.jpg,thumbs/457_cutler_and_gross_1433_01_black.jpg,https://images.miaburton.com/2026/cutler-and-gross-1433-01.jpg,https://miaburton.com/en/eyeglasses/cutler-and-gross,images.miaburton.com,retailer-front,1200x1200
458,Cutler and Gross,1432 01 black,thick acetate heritage optical frame,images/458_cutler_and_gross_1432_01_black.jpg,thumbs/458_cutler_and_gross_1432_01_black.jpg,https://images.miaburton.com/2026/cutler-and-gross-1432-01.jpg,https://miaburton.com/en/eyeglasses/cutler-and-gross,images.miaburton.com,retailer-front,1200x1200
459,Cutler and Gross,0004 KINGSMAN 01 black,thick acetate heritage optical frame,images/459_cutler_and_gross_0004_kingsman_01_black.jpg,thumbs/459_cutler_and_gross_0004_kingsman_01_black.jpg,https://images.miaburton.com/2026/cutler-and-gross-0004-kingsman-01.jpg,https://miaburton.com/en/eyeglasses/cutler-and-gross,images.miaburton.com,retailer-front,1200x1200
460,Cutler and Gross,9782 05 classic navy blue,thick acetate heritage optical frame,images/460_cutler_and_gross_9782_05_classic_navy_blue.jpg,thumbs/460_cutler_and_gross_9782_05_classic_navy_blue.jpg,https://images.miaburton.com/2026/cutler-and-gross-9782-05.jpg,https://miaburton.com/en/eyeglasses/cutler-and-gross,images.miaburton.com,retailer-front,1200x1200
461,L.G.R,Congo Gold Olive Green 94,classic refined optical frame,images/461_l_g_r_congo_gold_olive_green_94.jpg,thumbs/461_l_g_r_congo_gold_olive_green_94.jpg,https://www.lgrworld.com/wp-content/uploads/2025/09/6829-CONGO-GOLD-OLIVE-GREEN-94-1.jpg,https://lgrworld.com/collections/optical,www.lgrworld.com,official,922x700
462,L.G.R,Tunisi Crystal Pinl 71,classic refined optical frame,images/462_l_g_r_tunisi_crystal_pinl_71.jpg,thumbs/462_l_g_r_tunisi_crystal_pinl_71.jpg,https://www.lgrworld.com/wp-content/uploads/2025/09/6833-TUNISI-CRYSTAL-PINL-71-1.jpg,https://lgrworld.com/collections/optical,www.lgrworld.com,official,922x700
463,L.G.R,Senegal Crystal Dark Grey 78,classic refined optical frame,images/463_l_g_r_senegal_crystal_dark_grey_78.jpg,thumbs/463_l_g_r_senegal_crystal_dark_grey_78.jpg,https://www.lgrworld.com/wp-content/uploads/2025/09/6862-SENEGAL-CRYSTAL-DARK-GREY-78-1.jpg,https://lgrworld.com/collections/optical,www.lgrworld.com,official,922x700
464,L.G.R,Malabo 50 Ash Grey 92,classic refined optical frame,images/464_l_g_r_malabo_50_ash_grey_92.jpg,thumbs/464_l_g_r_malabo_50_ash_grey_92.jpg,https://www.lgrworld.com/wp-content/uploads/2025/11/6933-MALABO-50-ASH-GREY-92-1.jpg,https://lgrworld.com/collections/optical,www.lgrworld.com,official,922x700
465,L.G.R,Meknes Silver Havana Maculato Acetate Rim 39,classic refined optical frame,images/465_l_g_r_meknes_silver_havana_maculato_acetate_rim_39.jpg,thumbs/465_l_g_r_meknes_silver_havana_maculato_acetate_rim_39.jpg,https://www.lgrworld.com/wp-content/uploads/2025/10/6824-MEKNES-SILVER-HAVANA-MACULATO-ACETATE-RIM-39-1.jpg,https://lgrworld.com/collections/optical,www.lgrworld.com,official,922x700
466,L.G.R,Karnak Black Crystal Brown Acetate Rim 76,classic refined optical frame,images/466_l_g_r_karnak_black_crystal_brown_acetate_rim_76.jpg,thumbs/466_l_g_r_karnak_black_crystal_brown_acetate_rim_76.jpg,https://www.lgrworld.com/wp-content/uploads/2025/10/6822-KARNAK-BLACK-CRYSTAL-BROWN-ACETATE-RIM-76-1.jpg,https://lgrworld.com/collections/optical,www.lgrworld.com,official,922x700
467,Etnia Barcelona,Cakey,color-forward acetate optical frame,images/467_etnia_barcelona_cakey.jpg,thumbs/467_etnia_barcelona_cakey.jpg,https://etniabarcelona.com/cdn/shop/files/4-CAKEY-46O-BZRD_2.jpg?v=1777270683&width=3840,https://www.etniabarcelona.com/us/en/optical,etniabarcelona.com,official,1200x659
468,Etnia Barcelona,Brutal No.39,color-forward acetate optical frame,images/468_etnia_barcelona_brutal_no_39.jpg,thumbs/468_etnia_barcelona_brutal_no_39.jpg,https://etniabarcelona.com/cdn/shop/files/4-BRUT39-52O-GR_2.jpg?v=1777270680&width=3840,https://www.etniabarcelona.com/us/en/optical,etniabarcelona.com,official,1200x659
469,Etnia Barcelona,Brutal No.38,color-forward acetate optical frame,images/469_etnia_barcelona_brutal_no_38.jpg,thumbs/469_etnia_barcelona_brutal_no_38.jpg,https://etniabarcelona.com/cdn/shop/files/4-BRUT38-48O-YW_2.jpg?v=1777270679&width=3840,https://www.etniabarcelona.com/us/en/optical,etniabarcelona.com,official,1200x659
470,Etnia Barcelona,Brutal No.37,color-forward acetate optical frame,images/470_etnia_barcelona_brutal_no_37.jpg,thumbs/470_etnia_barcelona_brutal_no_37.jpg,https://etniabarcelona.com/cdn/shop/files/4-BRUT37-44O-BL_2.jpg?v=1777270678&width=3840,https://www.etniabarcelona.com/us/en/optical,etniabarcelona.com,official,1200x659
471,Etnia Barcelona,Brutal No.36,color-forward acetate optical frame,images/471_etnia_barcelona_brutal_no_36.jpg,thumbs/471_etnia_barcelona_brutal_no_36.jpg,https://etniabarcelona.com/cdn/shop/files/4-BRUT36-46O-RD_2.jpg?v=1777270677&width=3840,https://www.etniabarcelona.com/us/en/optical,etniabarcelona.com,official,1200x659
472,Etnia Barcelona,Bela,color-forward acetate optical frame,images/472_etnia_barcelona_bela.jpg,thumbs/472_etnia_barcelona_bela.jpg,https://etniabarcelona.com/cdn/shop/files/4-BELA-52O-BZBK_2.jpg?v=1777270667&width=3840,https://www.etniabarcelona.com/us/en/optical,etniabarcelona.com,official,1200x659
